-0.0078125,-0.015625,-0.015625.1,-0.015625.2,-0.0078125.1,-0.023438,-0.015625.3,-0.015625.4,-0.015625.5
0.0,-0.023438,-0.0078125,-0.0078125,-0.015625,-0.015625,-0.015625,-0.0078125,0.0078125
0.0,0.0,-0.023438,-0.015625,-0.0078125,-0.0078125,-0.0078125,-0.0078125,-0.0078125
-0.0078125,0.0,-0.0078125,0.0078125,0.0,-0.023438,-0.023438,-0.015625,-0.0078125
0.0,0.0,-0.015625,-0.023438,-0.015625,-0.0078125,-0.0078125,-0.0078125,0.0
0.0,0.0,0.0078125,-0.023438,-0.015625,-0.0078125,-0.03125,-0.015625,-0.015625
-0.0078125,-0.0078125,0.0,-0.015625,-0.023438,-0.0078125,-0.015625,-0.0078125,-0.0078125
-0.0078125,0.0,0.0078125,-0.015625,-0.015625,-0.015625,-0.015625,-0.0078125,0.0
-0.023438,-0.0078125,-0.015625,0.0,-0.0078125,-0.015625,0.0,-0.0078125,0.0078125
0.0078125,-0.0078125,0.0078125,0.0,-0.015625,0.0,-0.015625,-0.015625,-0.0078125
0.0,-0.0078125,0.0,-0.023438,-0.015625,-0.015625,-0.023438,-0.015625,-0.023438
-0.015625,-0.023438,-0.0078125,0.0,0.0078125,0.0,0.0,-0.015625,-0.0078125
-0.015625,0.0078125,-0.0078125,0.0,0.0,-0.015625,-0.015625,0.0,0.0
0.0,-0.0078125,-0.0078125,-0.039063,-0.0078125,0.0,-0.0078125,0.0,-0.023438
0.0,-0.015625,-0.0078125,-0.015625,-0.015625,-0.015625,-0.0078125,-0.0078125,-0.0078125
-0.0078125,-0.0078125,-0.0078125,-0.023438,-0.023438,-0.0078125,-0.015625,-0.015625,0.0078125
-0.015625,-0.023438,-0.015625,-0.03125,0.0,0.0,0.0,-0.023438,0.0
0.0,-0.0078125,-0.015625,-0.015625,0.0,-0.0078125,-0.03125,-0.023438,-0.0078125
0.0,-0.023438,-0.023438,-0.015625,0.0,0.0078125,-0.015625,-0.023438,-0.023438
-0.0078125,-0.023438,-0.023438,-0.015625,0.0078125,0.0,-0.0078125,0.0,-0.0078125
-0.0078125,-0.0078125,0.0,-0.015625,-0.0078125,0.0,-0.015625,-0.0078125,-0.0078125
-0.0078125,-0.0078125,0.0,0.0078125,0.0,-0.015625,-0.015625,-0.0078125,-0.015625
0.0,-0.0078125,0.0,-0.015625,-0.015625,-0.0078125,0.0,-0.0078125,-0.0078125
-0.015625,-0.0078125,-0.023438,-0.0078125,-0.015625,-0.0078125,-0.0078125,-0.015625,0.0078125
-0.015625,-0.023438,-0.023438,0.0,0.0,0.0,-0.0078125,-0.023438,0.0
0.0078125,-0.015625,0.0,0.0,-0.023438,0.0,-0.015625,-0.015625,-0.0078125
-0.0078125,-0.0078125,0.0,-0.0078125,-0.023438,-0.015625,-0.015625,-0.015625,-0.0078125
-0.015625,-0.0078125,-0.023438,-0.015625,-0.0078125,0.0078125,0.0,-0.015625,0.0
-0.015625,0.0,-0.015625,-0.0078125,0.0,-0.0078125,-0.0078125,-0.0078125,-0.0078125
-0.0078125,-0.0078125,-0.0078125,-0.015625,0.0,-0.023438,-0.015625,0.03125,0.0
0.0,0.0,-0.0078125,0.0,-0.0078125,-0.0078125,-0.0078125,0.0,0.0
-0.023438,-0.0078125,-0.015625,-0.015625,0.0,-0.0078125,-0.015625,-0.0078125,-0.0078125
-0.023438,-0.015625,-0.023438,-0.015625,0.0078125,0.0,-0.0078125,-0.015625,-0.015625
-0.0078125,-0.015625,-0.03125,-0.0078125,-0.015625,-0.0078125,-0.023438,0.0,-0.0078125
-0.015625,-0.0078125,0.0078125,-0.0078125,-0.0078125,-0.015625,-0.015625,0.0,-0.0078125
-0.0078125,-0.015625,-0.0078125,0.015625,-0.0078125,-0.0078125,-0.0078125,0.0,0.0
0.0,-0.0078125,0.0,-0.015625,-0.015625,-0.0078125,-0.0078125,-0.015625,-0.023438
-0.015625,-0.015625,0.0,-0.015625,-0.0078125,-0.015625,-0.0078125,0.0,-0.0078125
0.0078125,-0.0078125,-0.0078125,-0.015625,-0.0078125,-0.0078125,-0.015625,-0.0078125,-0.023438
-0.0078125,-0.0078125,-0.0078125,-0.023438,0.0,-0.0078125,0.0,-0.015625,-0.015625
0.0,-0.015625,-0.0078125,0.0,-0.023438,-0.015625,-0.0078125,0.0,-0.015625
0.0,-0.015625,-0.015625,0.0,0.0,-0.0078125,0.0,-0.023438,-0.023438
-0.015625,0.0,-0.0078125,-0.015625,-0.0078125,0.0078125,-0.015625,0.0,0.0
-0.0078125,-0.015625,-0.023438,0.0,-0.015625,0.0078125,-0.0078125,-0.0078125,-0.015625
0.0,0.0,-0.015625,-0.023438,-0.015625,-0.023438,0.0,-0.0078125,0.0
-0.0078125,-0.0078125,-0.0078125,-0.015625,-0.03125,-0.023438,0.0,0.0,0.0
-0.015625,-0.023438,-0.015625,0.0,-0.023438,-0.015625,-0.015625,-0.015625,0.0
-0.023438,-0.023438,-0.015625,-0.0078125,-0.0078125,0.0,0.0,-0.0078125,0.0
-0.015625,-0.0078125,-0.0078125,-0.015625,0.0,-0.0078125,-0.0078125,-0.0078125,-0.015625
-0.03125,0.0,-0.0078125,-0.0078125,-0.0078125,-0.015625,-0.023438,-0.0078125,-0.0078125
-0.0078125,0.0,-0.015625,-0.015625,0.0,-0.0078125,-0.0078125,-0.015625,-0.015625
-0.0078125,-0.023438,-0.0078125,-0.015625,0.0,-0.0078125,-0.0078125,-0.015625,-0.0078125
-0.015625,0.0,0.0,0.0,-0.015625,-0.023438,-0.015625,-0.023438,-0.015625
-0.015625,-0.0078125,-0.023438,-0.0078125,0.0,-0.015625,-0.0078125,0.0,0.0
-0.0078125,-0.015625,-0.0078125,-0.0078125,0.0,-0.0078125,-0.023438,0.0,-0.0078125
-0.0078125,-0.0078125,-0.0078125,-0.0078125,-0.0078125,-0.0078125,-0.0078125,-0.0078125,-0.023438
-0.023438,-0.023438,-0.023438,-0.0078125,-0.0078125,0.0078125,-0.015625,-0.023438,-0.015625
-0.015625,-0.015625,0.0078125,0.0,0.0,-0.015625,-0.0078125,-0.023438,-0.0078125
-0.015625,0.0,-0.015625,-0.015625,0.0,-0.015625,-0.0078125,0.0,0.0
-0.0078125,-0.023438,0.0078125,0.0,-0.0078125,-0.0078125,-0.015625,-0.0078125,-0.023438
-0.023438,0.0,-0.015625,0.0,-0.015625,-0.023438,-0.03125,-0.023438,-0.015625
-0.0078125,-0.0078125,-0.015625,-0.023438,-0.0078125,-0.0078125,0.0,0.0,-0.0078125
-0.0078125,-0.0078125,-0.0078125,-0.015625,-0.015625,-0.023438,0.0078125,-0.023438,-0.023438
-0.0078125,-0.015625,-0.0078125,-0.0078125,-0.0078125,-0.015625,-0.0078125,-0.0078125,-0.0078125
-0.015625,-0.0078125,-0.0078125,-0.0078125,0.0,0.0,0.0,-0.0078125,0.0
-0.015625,-0.015625,0.0,-0.0078125,0.0,0.0078125,0.0,-0.015625,-0.0078125
0.0,-0.015625,-0.0078125,0.0,-0.015625,0.0,0.0,-0.039063,-0.0078125
-0.015625,-0.015625,-0.015625,-0.0078125,-0.0078125,-0.0078125,-0.0078125,-0.015625,-0.0078125
-0.015625,-0.0078125,-0.015625,-0.0078125,-0.0078125,0.0,-0.023438,-0.0078125,-0.0078125
0.0,0.0,-0.0078125,0.0,0.0,-0.015625,-0.0078125,-0.0078125,-0.023438
-0.0078125,-0.023438,0.0,-0.015625,0.0,-0.015625,-0.015625,-0.015625,-0.0078125
-0.0078125,-0.023438,-0.015625,-0.015625,-0.015625,-0.0078125,0.0078125,-0.0078125,0.0
-0.023438,-0.0078125,-0.015625,-0.015625,-0.0078125,-0.0078125,-0.0078125,0.0,-0.023438
-0.0078125,-0.0078125,0.0078125,0.0078125,0.0,-0.023438,-0.0078125,-0.015625,-0.0078125
-0.0078125,-0.015625,-0.023438,-0.015625,-0.015625,0.0,-0.015625,0.0,-0.0078125
0.0078125,-0.0078125,-0.0078125,-0.0078125,-0.0078125,-0.015625,-0.0078125,-0.0078125,-0.015625
0.0,0.0,-0.0078125,-0.023438,-0.015625,-0.015625,-0.015625,0.0078125,-0.0078125
0.0,-0.015625,0.0078125,-0.015625,0.0,-0.0078125,-0.0078125,0.0,-0.0078125
-0.015625,0.0,0.0,-0.0078125,0.0,-0.0078125,-0.0078125,-0.0078125,-0.0078125
-0.0078125,0.0078125,-0.0078125,0.0,-0.023438,-0.0078125,-0.03125,0.0,-0.0078125
-0.015625,-0.0078125,-0.023438,0.0,-0.015625,-0.0078125,-0.0078125,0.0078125,-0.023438
-0.015625,-0.015625,-0.0078125,-0.015625,-0.015625,0.0,-0.015625,0.015625,0.0
-0.015625,-0.015625,-0.015625,0.0,-0.0078125,-0.015625,-0.015625,-0.0078125,0.0
0.0,0.0,0.0,-0.015625,-0.0078125,0.0,-0.0078125,0.0,0.0
-0.015625,-0.023438,-0.015625,-0.015625,0.0,0.0,0.0,-0.0078125,-0.0078125
0.0,-0.023438,-0.0078125,-0.0078125,-0.015625,-0.015625,0.0,-0.015625,-0.0078125
-0.0078125,-0.015625,0.0,0.0,0.0,-0.015625,-0.0078125,-0.015625,0.0078125
-0.023438,-0.0078125,-0.023438,-0.0078125,-0.0078125,-0.0078125,-0.015625,0.0,0.0
-0.015625,-0.023438,0.0,-0.0078125,0.0,-0.0078125,-0.015625,-0.015625,-0.0078125
-0.015625,0.0078125,-0.015625,-0.0078125,-0.023438,-0.015625,-0.0078125,-0.015625,0.0078125
-0.0078125,-0.015625,-0.015625,-0.015625,-0.015625,0.0,-0.023438,-0.015625,0.0
-0.0078125,0.0,-0.0078125,-0.0078125,0.0078125,0.0078125,-0.0078125,0.0,-0.023438
-0.0078125,0.0078125,-0.0078125,-0.015625,-0.023438,-0.023438,-0.023438,-0.015625,0.0
-0.015625,-0.0078125,-0.0078125,-0.023438,-0.0078125,0.0078125,0.0,0.0,-0.0078125
0.0,-0.0078125,-0.0078125,-0.023438,0.0,-0.0078125,-0.0078125,-0.015625,-0.023438
-0.0078125,0.0,0.0078125,-0.0078125,-0.015625,-0.023438,-0.015625,-0.0078125,-0.0078125
-0.0078125,-0.015625,-0.0078125,-0.015625,0.015625,-0.015625,-0.0078125,0.0,-0.015625
-0.015625,-0.015625,-0.0078125,-0.0078125,0.0,-0.015625,-0.0078125,0.0,-0.023438
-0.0078125,0.0,-0.015625,-0.015625,0.015625,-0.015625,0.0,-0.0078125,-0.0078125
-0.03125,-0.0078125,-0.015625,-0.0078125,-0.0078125,-0.0078125,-0.015625,-0.015625,-0.0078125
-0.0078125,-0.0078125,-0.0078125,-0.0078125,-0.015625,-0.0078125,-0.0078125,-0.0078125,-0.015625
-0.0078125,-0.015625,-0.0078125,-0.0078125,-0.0078125,-0.023438,-0.015625,-0.0078125,-0.015625
-0.023438,-0.0078125,-0.0078125,-0.0078125,-0.015625,-0.0078125,-0.0078125,-0.015625,-0.0078125
-0.015625,0.0,-0.0078125,-0.015625,-0.0078125,-0.0078125,0.0,0.0,-0.0078125
-0.0078125,-0.015625,-0.023438,0.0,-0.0078125,-0.023438,0.0078125,-0.0078125,-0.0078125
-0.0078125,0.0,-0.0078125,-0.015625,-0.0078125,-0.0078125,-0.015625,0.0,-0.023438
0.0,-0.0078125,0.0,0.0,-0.015625,-0.0078125,-0.0078125,0.0,-0.0078125
-0.0078125,-0.015625,-0.015625,-0.0078125,0.0078125,0.0078125,-0.0078125,-0.0078125,-0.023438
-0.0078125,-0.0078125,0.0,0.0,-0.0078125,-0.015625,-0.0078125,0.0,0.0
-0.015625,-0.0078125,-0.0078125,-0.0078125,-0.023438,-0.015625,-0.0078125,0.0,0.0
-0.015625,0.0078125,0.0,-0.0078125,0.0,-0.0078125,-0.015625,-0.0078125,-0.023438
0.0,-0.023438,-0.015625,-0.015625,0.0,0.0,-0.0078125,0.0,-0.0078125
-0.0078125,-0.015625,-0.0078125,-0.0078125,-0.015625,-0.0078125,-0.0078125,-0.015625,-0.015625
-0.015625,-0.0078125,-0.023438,-0.0078125,-0.015625,-0.0078125,-0.0078125,0.0,-0.0078125
-0.015625,0.0,0.0,-0.023438,-0.0078125,-0.023438,-0.0078125,0.0,0.0
-0.0078125,-0.0078125,-0.015625,-0.015625,-0.023438,-0.0078125,0.0,-0.0078125,-0.0078125
-0.0078125,-0.015625,-0.0078125,-0.015625,-0.015625,-0.015625,-0.023438,-0.0078125,-0.015625
-0.015625,-0.0078125,-0.0078125,-0.0078125,-0.0078125,-0.023438,0.0,-0.0078125,-0.0078125
-0.0078125,-0.0078125,0.0,-0.015625,-0.0078125,-0.0078125,-0.015625,-0.0078125,-0.015625
-0.015625,-0.0078125,-0.0078125,0.0,0.0,0.015625,-0.023438,-0.015625,-0.0078125
-0.015625,0.0078125,-0.023438,-0.0078125,0.0,0.0078125,0.0,0.0,-0.0078125
-0.023438,0.0,-0.0078125,0.0078125,-0.0078125,-0.023438,-0.015625,0.0,-0.0078125
-0.015625,-0.0078125,-0.0078125,0.0,-0.0078125,-0.0078125,-0.015625,-0.0078125,-0.015625
-0.0078125,-0.0078125,-0.023438,0.0,0.0,0.0,0.0,-0.0078125,-0.023438
-0.015625,-0.015625,-0.0078125,-0.015625,-0.0078125,-0.015625,-0.015625,-0.0078125,-0.023438
0.0,-0.023438,0.0,-0.015625,0.0,-0.023438,0.0,0.0078125,-0.015625
0.0,-0.0078125,-0.015625,-0.03125,0.0078125,0.0,-0.015625,-0.015625,-0.0078125
-0.015625,-0.015625,0.0,-0.023438,-0.015625,-0.015625,-0.0078125,-0.0078125,-0.015625
-0.0078125,0.0,-0.015625,-0.0078125,-0.015625,0.0,0.0,-0.0078125,-0.023438
0.0,-0.015625,0.0,-0.0078125,-0.023438,-0.023438,-0.0078125,-0.0078125,-0.0078125
-0.0078125,-0.0078125,-0.015625,-0.023438,0.0078125,-0.0078125,-0.0078125,-0.023438,-0.0078125
0.0,-0.015625,-0.015625,-0.0078125,0.0078125,0.0078125,-0.0078125,-0.015625,0.0
-0.015625,-0.015625,0.0,0.0,-0.0078125,-0.015625,0.0,-0.0078125,-0.0078125
-0.015625,-0.015625,-0.015625,-0.015625,0.0078125,-0.0078125,-0.0078125,-0.0078125,-0.015625
0.0,-0.0078125,-0.0078125,-0.03125,0.0,-0.015625,-0.023438,0.0,0.0
0.0,-0.0078125,0.0,0.0078125,0.0,-0.015625,0.0,-0.015625,-0.023438
0.0,-0.0078125,-0.0078125,-0.023438,0.0,-0.015625,-0.015625,-0.0078125,0.0078125
-0.0078125,-0.0078125,-0.0078125,-0.015625,-0.015625,0.0,-0.0078125,0.0,-0.023438
-0.0078125,0.0078125,-0.023438,-0.0078125,-0.023438,0.0,-0.0078125,0.0,-0.0078125
-0.015625,-0.015625,-0.0078125,-0.015625,-0.0078125,-0.0078125,-0.0078125,0.0,-0.0078125
-0.0078125,-0.0078125,-0.0078125,-0.0078125,-0.015625,-0.015625,-0.015625,-0.015625,-0.0078125
-0.0078125,0.0,-0.03125,-0.015625,0.0,0.0,0.0,-0.015625,0.0
-0.023438,0.0,-0.0078125,0.0,-0.015625,-0.023438,-0.0078125,-0.0078125,-0.0078125
-0.015625,0.0078125,0.0,-0.023438,-0.03125,-0.0078125,-0.015625,0.015625,-0.023438
-0.015625,-0.015625,-0.015625,0.0078125,-0.0078125,-0.0078125,-0.0078125,-0.0078125,-0.015625
-0.015625,-0.015625,-0.0078125,0.015625,0.0,0.0,-0.023438,-0.0078125,-0.0078125
0.0,-0.015625,0.0,-0.015625,0.0,-0.023438,-0.023438,-0.023438,-0.015625
-0.015625,-0.023438,-0.023438,-0.0078125,-0.0078125,-0.0078125,0.0,-0.0078125,-0.0078125
0.0078125,-0.0078125,-0.0078125,-0.015625,-0.0078125,-0.015625,-0.0078125,-0.015625,-0.015625
0.0,-0.015625,-0.015625,0.0,-0.0078125,-0.015625,-0.015625,-0.015625,-0.015625
0.0,0.0,-0.015625,-0.0078125,-0.0078125,0.0078125,-0.015625,-0.0078125,0.0
-0.0078125,-0.0078125,-0.015625,-0.0078125,-0.0078125,-0.023438,0.0,-0.015625,-0.015625
-0.0078125,-0.015625,-0.015625,0.0,-0.0078125,0.0,-0.0078125,-0.0078125,0.0
-0.023438,0.0,-0.023438,0.0,-0.023438,-0.023438,-0.023438,0.0,-0.015625
-0.0078125,-0.0078125,-0.015625,-0.0078125,0.0078125,-0.0078125,0.0,-0.0078125,0.0078125
0.0,0.0,-0.0078125,-0.023438,0.0,-0.0078125,-0.0078125,-0.015625,0.0
-0.0078125,0.0,-0.015625,-0.023438,0.0078125,-0.015625,-0.0078125,-0.015625,0.0
-0.015625,-0.015625,-0.0078125,0.0,-0.0078125,-0.015625,-0.015625,-0.015625,-0.0078125
-0.023438,-0.015625,0.0,-0.015625,-0.023438,-0.0078125,-0.0078125,-0.015625,-0.0078125
-0.03125,-0.0078125,-0.0078125,-0.0078125,-0.0078125,-0.023438,-0.023438,0.0,-0.0078125
-0.023438,-0.015625,-0.0078125,0.0,0.0,-0.015625,0.0,-0.015625,-0.015625
-0.015625,-0.015625,-0.0078125,-0.023438,0.0,-0.015625,-0.03125,-0.015625,0.0
-0.0078125,-0.015625,-0.0078125,-0.015625,-0.0078125,-0.0078125,0.0,-0.0078125,0.0
-0.0078125,-0.015625,-0.015625,0.0,0.0,-0.015625,-0.0078125,-0.023438,-0.0078125
-0.023438,0.0,-0.0078125,-0.0078125,-0.023438,-0.0078125,-0.015625,-0.023438,0.0
-0.0078125,-0.023438,-0.0078125,-0.015625,-0.015625,0.0,-0.0078125,-0.015625,0.0
-0.015625,-0.0078125,0.0,-0.0078125,-0.015625,0.0078125,-0.0078125,-0.015625,-0.03125
0.0078125,-0.015625,-0.023438,-0.023438,-0.0078125,-0.0078125,-0.03125,-0.015625,0.0
-0.023438,-0.023438,-0.0078125,-0.0078125,-0.015625,-0.015625,0.015625,-0.0078125,-0.03125
-0.03125,0.0,-0.023438,-0.023438,-0.015625,0.0,-0.023438,-0.0078125,0.0078125
-0.0078125,-0.015625,-0.0078125,0.0,0.0078125,0.0,-0.023438,0.0,0.0078125
0.0,-0.015625,-0.0078125,-0.0078125,-0.015625,-0.015625,-0.0078125,-0.015625,-0.0078125
-0.015625,-0.023438,0.0,-0.015625,-0.023438,-0.0078125,-0.023438,0.0,0.0
-0.0078125,-0.023438,-0.023438,-0.0078125,0.0,-0.0078125,-0.015625,-0.0078125,-0.0078125
-0.0078125,-0.0078125,0.0,0.0,-0.0078125,-0.023438,-0.0078125,-0.015625,-0.023438
0.0078125,-0.015625,0.0,-0.015625,-0.0078125,-0.0078125,-0.0078125,-0.023438,0.0078125
-0.015625,0.0,0.0,-0.015625,-0.0078125,0.0,-0.023438,-0.0078125,-0.015625
-0.015625,-0.015625,0.0,-0.0078125,-0.0078125,-0.0078125,-0.0078125,-0.0078125,-0.0078125
-0.0078125,-0.015625,-0.0078125,0.0078125,-0.015625,-0.0078125,-0.015625,-0.0078125,-0.0078125
0.0,-0.0078125,-0.015625,0.0,-0.0078125,-0.0078125,-0.023438,-0.023438,-0.015625
-0.015625,0.0,0.0,0.0,-0.0078125,0.0,-0.0078125,-0.023438,0.0
-0.015625,-0.0078125,-0.0078125,-0.0078125,0.0,0.0,-0.015625,-0.015625,-0.0078125
-0.015625,-0.0078125,-0.0078125,-0.015625,0.0078125,-0.0078125,0.0,0.0,-0.0078125
0.0,-0.015625,-0.0078125,-0.023438,-0.0078125,0.0,-0.0078125,-0.015625,-0.023438
-0.0078125,-0.015625,0.0078125,-0.015625,-0.0078125,-0.023438,0.0,-0.0078125,0.0
-0.015625,-0.0078125,-0.0078125,-0.015625,-0.015625,0.0,0.0,-0.015625,-0.015625
-0.0078125,-0.015625,-0.015625,-0.0078125,-0.015625,-0.023438,-0.023438,-0.015625,0.0
-0.023438,-0.015625,-0.0078125,-0.015625,-0.015625,-0.0078125,0.0,-0.0078125,-0.015625
0.0,-0.015625,-0.0078125,0.0,-0.0078125,-0.0078125,-0.0078125,-0.015625,-0.015625
-0.015625,-0.0078125,-0.015625,-0.015625,-0.015625,0.0,-0.015625,-0.0078125,-0.0078125
-0.023438,0.0,-0.0078125,-0.015625,-0.015625,-0.023438,0.0,-0.023438,-0.015625
-0.0078125,0.0,-0.0078125,-0.0078125,0.0078125,-0.0078125,0.0078125,0.0,-0.023438
-0.03125,-0.0078125,-0.0078125,0.0078125,0.0,-0.0078125,-0.015625,-0.0078125,-0.0078125
-0.0078125,-0.0078125,0.0078125,0.0,-0.0078125,-0.0078125,-0.015625,-0.0078125,-0.023438
-0.015625,-0.015625,-0.0078125,-0.0078125,0.0,-0.0078125,-0.023438,-0.015625,0.0
-0.0078125,0.0078125,-0.0078125,0.0,0.0,0.0,0.0078125,-0.015625,-0.023438
-0.015625,0.0078125,-0.0078125,-0.015625,-0.015625,-0.0078125,-0.015625,-0.0078125,-0.015625
-0.0078125,0.0078125,0.0,-0.0078125,-0.015625,0.0,-0.015625,-0.023438,-0.0078125
0.0,-0.0078125,-0.0078125,0.0,-0.0078125,-0.0078125,-0.023438,-0.015625,0.0078125
0.0,-0.023438,-0.0078125,0.0078125,-0.0078125,-0.015625,-0.0078125,0.0,-0.0078125
-0.015625,0.0,0.0078125,-0.015625,-0.015625,-0.0078125,-0.015625,-0.015625,-0.0078125
-0.0078125,0.0,0.0,-0.023438,0.0,-0.023438,-0.0078125,-0.015625,-0.023438
0.0,-0.0078125,-0.0078125,-0.015625,-0.015625,-0.023438,0.0,-0.0078125,0.0
-0.023438,0.0078125,-0.023438,0.0,0.0,0.0,-0.015625,-0.015625,-0.023438
-0.015625,-0.015625,-0.015625,-0.015625,0.0078125,-0.0078125,0.0,-0.023438,0.0
0.0,-0.0078125,-0.0078125,-0.0078125,-0.015625,-0.0078125,-0.0078125,-0.023438,-0.0078125
-0.015625,0.0,-0.023438,-0.0078125,0.0,-0.015625,0.0,-0.0078125,-0.015625
0.0,-0.0078125,0.0,-0.0078125,-0.023438,-0.015625,-0.015625,-0.0078125,0.0
-0.023438,-0.015625,-0.0078125,-0.015625,0.0,-0.0078125,-0.0078125,0.0078125,-0.015625
0.0,0.0,-0.015625,-0.015625,0.0,-0.0078125,-0.0078125,0.0,-0.015625
-0.0078125,-0.0078125,-0.0078125,-0.023438,-0.0078125,-0.0078125,-0.03125,-0.0078125,0.0
-0.015625,0.0078125,-0.0078125,-0.015625,-0.0078125,0.0,-0.015625,0.0,-0.015625
-0.015625,0.0,0.0078125,0.0078125,-0.0078125,-0.015625,0.0078125,-0.015625,0.0
-0.015625,-0.023438,-0.015625,-0.0078125,-0.023438,-0.0078125,-0.0078125,-0.0078125,-0.0078125
0.0078125,-0.023438,0.0078125,-0.0078125,-0.0078125,-0.015625,-0.015625,-0.0078125,-0.015625
-0.015625,-0.0078125,0.0,-0.015625,0.0,-0.0078125,-0.023438,-0.0078125,-0.0078125
-0.0078125,-0.023438,-0.0078125,-0.023438,-0.0078125,-0.0078125,-0.0078125,-0.015625,-0.015625
-0.015625,-0.0078125,-0.015625,-0.015625,0.0,-0.0078125,-0.015625,-0.0078125,-0.0078125
-0.023438,0.0,-0.015625,0.0,-0.023438,0.015625,-0.0078125,-0.0078125,-0.03125
-0.023438,-0.015625,-0.0078125,-0.0078125,0.0,0.0,-0.015625,0.0078125,-0.023438
-0.0078125,-0.015625,-0.015625,-0.023438,-0.0078125,0.0,-0.0078125,-0.0078125,0.0
-0.023438,-0.015625,-0.015625,0.0078125,0.0,0.0,0.0,0.015625,0.0
-0.0078125,0.0,-0.023438,-0.03125,-0.0078125,-0.0078125,-0.023438,-0.023438,-0.03125
-0.0078125,-0.0078125,-0.0078125,-0.0078125,-0.0078125,-0.015625,-0.015625,-0.0078125,-0.0078125
-0.023438,-0.015625,0.0,-0.015625,0.0,-0.015625,-0.0078125,-0.015625,-0.0078125
0.0,-0.0078125,-0.015625,-0.015625,-0.0078125,0.0,-0.015625,-0.015625,-0.015625
-0.015625,-0.015625,-0.0078125,0.0,-0.0078125,-0.015625,-0.023438,0.0,-0.0078125
-0.015625,-0.0078125,0.0,-0.015625,-0.015625,0.0,-0.0078125,-0.0078125,-0.015625
-0.015625,-0.015625,-0.0078125,0.0,0.0,-0.03125,-0.0078125,-0.015625,0.0078125
-0.0078125,-0.0078125,-0.0078125,0.0,-0.0078125,-0.015625,-0.023438,0.0,-0.023438
0.0078125,-0.015625,-0.0078125,-0.015625,0.015625,-0.023438,-0.0078125,-0.023438,0.0
0.0,-0.015625,-0.0078125,0.0078125,-0.015625,-0.023438,-0.015625,-0.015625,-0.0078125
-0.0078125,0.0078125,-0.0078125,-0.023438,-0.0078125,0.0078125,-0.03125,-0.0078125,-0.0078125
-0.015625,0.0,-0.0078125,-0.023438,0.0,-0.023438,-0.023438,-0.015625,0.015625
-0.0078125,0.015625,-0.015625,-0.023438,0.0,0.0,-0.023438,-0.015625,-0.0078125
0.0078125,0.0078125,-0.0078125,-0.015625,-0.0078125,-0.015625,-0.0078125,-0.0078125,-0.015625
-0.0078125,0.0078125,-0.0078125,-0.015625,-0.03125,0.0078125,0.0,-0.023438,0.0
-0.015625,0.0,-0.023438,0.0078125,-0.0078125,0.0,-0.015625,-0.015625,-0.023438
0.0078125,-0.015625,0.0078125,0.0,-0.0078125,-0.03125,-0.023438,-0.015625,0.0
0.0078125,0.0,-0.015625,-0.015625,0.0078125,-0.015625,-0.0078125,-0.015625,-0.03125
-0.015625,-0.015625,-0.023438,0.015625,-0.015625,-0.023438,-0.015625,0.0078125,-0.023438
0.0,0.015625,-0.023438,-0.015625,0.0078125,-0.023438,-0.023438,-0.015625,-0.0078125
-0.0078125,-0.023438,-0.0078125,0.0,0.015625,-0.023438,-0.023438,0.0,0.015625
-0.015625,-0.0078125,-0.0078125,-0.0078125,-0.0078125,0.0078125,-0.023438,-0.023438,-0.0078125
-0.015625,-0.0078125,0.0,0.0078125,-0.015625,-0.023438,-0.015625,0.0,-0.0078125
-0.0078125,0.0,-0.023438,0.0,-0.0078125,-0.0078125,-0.0078125,0.0,0.0
-0.015625,0.0,-0.0078125,-0.0078125,-0.015625,0.0,-0.015625,-0.015625,0.0
-0.0078125,-0.023438,-0.0078125,0.0078125,-0.0078125,-0.03125,0.0,0.0078125,-0.0078125
-0.0078125,0.0,-0.015625,-0.0078125,0.0078125,-0.03125,-0.023438,-0.015625,0.0078125
0.0,-0.023438,-0.0078125,0.0078125,0.0,-0.023438,-0.023438,0.0078125,0.0
0.0078125,-0.0078125,-0.015625,-0.023438,-0.0078125,-0.015625,-0.039063,0.0,-0.0078125
-0.015625,0.0078125,-0.023438,-0.015625,-0.0078125,-0.023438,-0.03125,-0.0078125,0.0
-0.023438,-0.0078125,-0.023438,-0.015625,-0.015625,-0.0078125,-0.0078125,0.0,0.0
-0.0078125,0.0,-0.0078125,0.0,0.0,0.0078125,-0.0078125,-0.0078125,-0.03125
-0.0078125,0.0,-0.0078125,-0.015625,-0.023438,-0.0078125,-0.0078125,-0.0078125,-0.023438
-0.0078125,0.0078125,-0.015625,-0.015625,0.0,-0.0078125,-0.0078125,-0.015625,-0.0078125
-0.015625,0.0078125,-0.015625,-0.023438,-0.0078125,0.0,-0.0078125,-0.0078125,-0.015625
0.0,0.0,-0.015625,-0.0078125,0.0078125,0.0078125,-0.015625,-0.015625,-0.0078125
-0.0078125,-0.015625,0.0,-0.023438,-0.015625,0.0,-0.015625,-0.015625,0.0078125
0.015625,-0.0078125,0.0078125,-0.015625,0.015625,-0.03125,-0.03125,-0.015625,0.0
0.015625,-0.0078125,-0.023438,-0.0078125,0.0,-0.023438,-0.0078125,0.0,-0.015625
0.0,-0.0078125,-0.0078125,-0.015625,-0.0078125,0.0078125,0.0,-0.015625,-0.023438
-0.023438,-0.015625,-0.03125,-0.0078125,-0.015625,0.023438,0.0,0.0,-0.023438
0.0,-0.015625,0.0078125,-0.015625,-0.0078125,-0.023438,0.0,-0.015625,-0.023438
0.0,-0.015625,-0.015625,-0.015625,0.0,-0.023438,-0.03125,0.0078125,0.0
-0.0078125,0.0,-0.0078125,-0.015625,-0.039063,0.0078125,0.0,0.0,-0.0078125
-0.0078125,0.0078125,-0.015625,-0.0078125,0.0,-0.0078125,0.0,0.0078125,-0.03125
-0.015625,-0.015625,0.0078125,-0.015625,-0.023438,0.0,0.015625,-0.0078125,-0.015625
-0.0078125,-0.039063,0.0078125,-0.015625,0.015625,-0.015625,-0.015625,-0.015625,0.0
0.0,-0.0078125,-0.023438,-0.0078125,-0.03125,0.0078125,0.0,-0.023438,-0.015625
-0.023438,0.0078125,-0.023438,-0.023438,-0.023438,0.0,-0.0078125,-0.023438,-0.03125
-0.0078125,-0.0078125,-0.015625,-0.015625,0.0,-0.023438,-0.015625,-0.023438,0.0078125
0.0,0.0078125,-0.015625,-0.023438,-0.023438,0.0,-0.03125,-0.015625,-0.015625
-0.023438,0.0078125,-0.015625,-0.023438,-0.015625,0.023438,-0.023438,-0.0078125,-0.0078125
-0.015625,-0.015625,0.0,-0.023438,-0.023438,0.0,-0.0078125,0.0078125,-0.015625
0.0,0.0078125,-0.023438,-0.0078125,-0.039063,0.0078125,-0.0078125,-0.0078125,0.0
-0.0078125,0.0,0.0078125,-0.023438,-0.039063,-0.0078125,-0.023438,-0.015625,-0.015625
-0.0078125,-0.023438,0.0078125,-0.0078125,-0.0078125,0.0,-0.023438,-0.0078125,-0.015625
0.0,-0.0078125,0.0078125,-0.015625,0.0078125,-0.023438,-0.015625,-0.015625,0.0
-0.015625,-0.0078125,-0.0078125,0.0,0.0,0.0,-0.0078125,-0.015625,-0.0078125
-0.015625,0.0078125,-0.015625,-0.015625,-0.0078125,-0.015625,0.0,-0.0078125,0.023438
-0.0078125,0.0078125,-0.023438,0.0,-0.023438,0.0,-0.015625,-0.015625,-0.023438
0.0,-0.023438,-0.0078125,-0.03125,-0.0078125,0.0,-0.015625,-0.0078125,-0.0078125
-0.039063,0.0,-0.023438,-0.015625,-0.015625,0.015625,-0.0078125,-0.0078125,-0.015625
0.0,-0.0078125,-0.03125,-0.0078125,-0.0078125,-0.0078125,-0.0078125,-0.0078125,0.015625
-0.0078125,-0.0078125,0.0,-0.03125,0.0078125,0.0,-0.0078125,-0.0078125,0.0078125
-0.0078125,-0.015625,-0.023438,-0.0078125,0.0078125,-0.015625,-0.015625,-0.0078125,-0.0078125
-0.023438,-0.0078125,-0.015625,-0.015625,-0.0078125,-0.03125,-0.03125,0.0,0.0
0.0,-0.015625,-0.023438,-0.015625,-0.0078125,-0.0078125,-0.015625,-0.0078125,0.0
0.0078125,-0.0078125,-0.015625,-0.015625,0.0,-0.0078125,-0.015625,0.0078125,-0.0078125
0.0078125,-0.015625,-0.015625,-0.015625,-0.015625,-0.0078125,-0.0078125,0.0,-0.0078125
-0.015625,0.0,-0.0078125,0.0078125,-0.015625,-0.015625,-0.0078125,-0.0078125,-0.015625
-0.015625,-0.0078125,-0.023438,-0.015625,-0.015625,0.0,0.0078125,0.015625,-0.03125
-0.0078125,-0.039063,0.0,0.0,0.0,-0.03125,-0.0078125,-0.0078125,-0.023438
0.0,-0.0078125,-0.0078125,0.0,0.0,-0.015625,0.0078125,-0.0078125,-0.015625
-0.0078125,0.0,-0.015625,-0.015625,-0.0078125,0.0,-0.0078125,-0.023438,-0.015625
0.0,0.0078125,-0.0078125,-0.015625,-0.023438,-0.015625,-0.015625,-0.015625,0.0
-0.0078125,-0.0078125,-0.023438,-0.0078125,-0.015625,-0.0078125,0.0,-0.015625,0.0
-0.015625,-0.015625,-0.015625,-0.015625,-0.015625,-0.015625,0.0,-0.015625,0.0
0.0,-0.0078125,-0.023438,0.0,-0.0078125,-0.0078125,0.0,-0.023438,-0.015625
0.0,-0.015625,-0.015625,-0.0078125,0.0,0.0,0.0,-0.03125,-0.0078125
-0.03125,-0.015625,0.0078125,-0.015625,-0.0078125,-0.0078125,-0.015625,0.0,-0.023438
0.0,-0.0078125,-0.0078125,0.0,0.0,-0.0078125,-0.015625,-0.023438,-0.0078125
-0.023438,-0.0078125,-0.023438,-0.0078125,-0.03125,0.0,-0.0078125,0.0,-0.0078125
-0.0078125,-0.0078125,-0.015625,-0.015625,0.0078125,-0.0078125,-0.0078125,0.0,0.0
0.0,0.015625,-0.0078125,0.0,-0.015625,-0.023438,0.015625,-0.0078125,-0.015625
-0.0078125,0.0,-0.015625,-0.015625,-0.0078125,-0.015625,0.0078125,0.0078125,0.0
-0.015625,0.0,0.0,-0.015625,-0.0078125,-0.015625,0.0,-0.015625,0.0
-0.023438,-0.015625,-0.0078125,0.0,0.0,-0.0078125,-0.023438,0.0,-0.023438
-0.0078125,-0.0078125,0.0,-0.015625,0.0,-0.023438,0.0,-0.0078125,0.0
0.0,0.0078125,-0.0078125,-0.015625,-0.03125,-0.015625,0.0,-0.0078125,-0.015625
-0.023438,-0.0078125,-0.0078125,-0.0078125,0.0,-0.0078125,-0.015625,0.0,-0.015625
-0.015625,-0.015625,0.015625,0.0,-0.015625,-0.015625,-0.015625,-0.0078125,-0.0078125
-0.015625,0.015625,-0.0078125,-0.0078125,0.0078125,0.0,-0.015625,0.0,-0.015625
-0.015625,-0.015625,-0.015625,-0.0078125,-0.0078125,0.0,-0.015625,-0.0078125,-0.015625
-0.0078125,-0.0078125,0.0,-0.015625,-0.015625,-0.0078125,-0.023438,-0.0078125,0.0
0.0078125,-0.015625,-0.015625,-0.015625,0.0,0.0,0.0,-0.015625,-0.0078125
-0.0078125,-0.015625,-0.015625,-0.0078125,0.0,-0.0078125,-0.023438,-0.03125,0.015625
0.0,-0.015625,0.0078125,-0.015625,-0.0078125,-0.015625,0.0,-0.015625,-0.015625
-0.0078125,-0.015625,0.0,-0.0078125,0.0,-0.0078125,-0.0078125,-0.0078125,-0.0078125
0.0,-0.015625,0.0,-0.03125,-0.0078125,-0.0078125,0.0078125,0.0,-0.015625
0.0,-0.0078125,-0.0078125,0.0078125,-0.0078125,-0.0078125,-0.015625,-0.0078125,0.0
-0.0078125,-0.0078125,-0.015625,0.0,0.0078125,0.0,-0.015625,0.0,-0.023438
-0.015625,-0.0078125,-0.023438,-0.015625,0.0,-0.015625,-0.023438,-0.0078125,-0.015625
0.0,-0.0078125,-0.0078125,-0.0078125,-0.0078125,-0.015625,-0.0078125,-0.023438,-0.015625
0.0078125,-0.0078125,-0.015625,0.0,-0.0078125,0.0,-0.0078125,0.0078125,-0.015625
-0.0078125,-0.023438,0.0078125,-0.015625,-0.0078125,-0.0078125,-0.0078125,-0.023438,0.0078125
-0.023438,-0.015625,-0.015625,0.0,-0.015625,0.0,-0.0078125,0.0078125,0.0
-0.015625,0.0,-0.015625,-0.0078125,-0.0078125,-0.015625,0.0078125,-0.0078125,-0.0078125
-0.015625,0.0078125,-0.0078125,-0.015625,0.0078125,-0.0078125,-0.015625,-0.0078125,-0.015625
-0.023438,0.0078125,-0.023438,-0.0078125,0.0,-0.023438,-0.015625,0.0,-0.0078125
-0.0078125,0.0,-0.015625,0.0078125,-0.0078125,0.0,-0.0078125,0.0,-0.0078125
0.0078125,-0.015625,0.0,-0.015625,-0.015625,-0.0078125,-0.0078125,-0.03125,-0.023438
-0.0078125,-0.015625,-0.015625,-0.015625,-0.0078125,-0.023438,-0.0078125,-0.023438,0.0
-0.0078125,0.0,0.0,0.0,-0.0078125,0.023438,-0.015625,-0.015625,-0.015625
-0.039063,0.0,-0.0078125,-0.015625,-0.023438,0.0078125,-0.023438,-0.023438,-0.015625
-0.023438,-0.023438,0.0078125,-0.015625,-0.015625,-0.03125,0.0,0.0,-0.015625
0.0,-0.03125,0.0078125,-0.0078125,0.0,-0.03125,0.015625,-0.015625,-0.023438
-0.015625,-0.0078125,-0.03125,0.015625,-0.0078125,-0.015625,-0.023438,0.0078125,-0.023438
-0.023438,-0.015625,0.0,-0.0078125,-0.015625,-0.015625,0.0078125,0.0,0.0
-0.023438,-0.0078125,-0.023438,0.0078125,-0.0078125,-0.0078125,-0.023438,0.0078125,-0.015625
-0.023438,-0.015625,0.0078125,-0.023438,-0.015625,-0.03125,0.015625,-0.015625,-0.023438
-0.015625,-0.015625,-0.015625,0.015625,-0.015625,-0.015625,-0.023438,0.0,0.0
-0.023438,0.023438,-0.015625,-0.0078125,-0.023438,0.0078125,-0.015625,-0.0078125,-0.03125
-0.023438,0.0078125,-0.015625,0.0,-0.015625,0.015625,-0.0078125,-0.023438,-0.015625
-0.015625,-0.0078125,-0.0078125,0.015625,-0.015625,-0.015625,0.0,0.0078125,-0.023438
-0.015625,-0.023438,-0.015625,0.0,-0.015625,-0.015625,-0.015625,0.015625,-0.015625
0.015625,-0.0078125,-0.0078125,-0.0078125,0.0,-0.015625,-0.0078125,-0.015625,0.0
-0.039063,0.0,0.0078125,-0.015625,-0.015625,-0.0078125,0.0078125,-0.015625,-0.015625
-0.0078125,0.0,-0.015625,-0.023438,0.0,-0.0078125,-0.0078125,-0.023438,-0.015625
-0.0078125,-0.0078125,-0.015625,-0.015625,0.0,0.0,-0.0078125,-0.03125,-0.0078125
-0.0078125,-0.015625,-0.023438,0.0,-0.0078125,-0.023438,-0.015625,-0.0078125,0.0
-0.015625,-0.015625,-0.015625,0.0078125,-0.015625,-0.015625,-0.03125,0.0,-0.0078125
0.0,-0.023438,0.0078125,-0.015625,-0.015625,-0.0078125,0.015625,-0.023438,0.0
-0.023438,0.0,-0.015625,0.0078125,-0.023438,-0.015625,-0.0078125,0.015625,-0.015625
0.0,-0.03125,0.0,0.0,-0.0078125,-0.023438,0.0078125,0.0,-0.015625
0.0,-0.015625,-0.015625,0.0,0.0,0.0,-0.03125,-0.0078125,-0.0078125
-0.015625,-0.023438,0.0078125,0.0,-0.015625,-0.023438,0.0,0.0,-0.015625
-0.015625,-0.015625,-0.023438,0.015625,0.0,-0.023438,-0.015625,0.015625,-0.0078125
-0.023438,0.023438,0.0,-0.023438,-0.0078125,0.0,-0.0078125,-0.0078125,-0.015625
-0.015625,-0.015625,0.015625,-0.015625,-0.0078125,-0.0078125,0.0078125,-0.015625,-0.023438
-0.0078125,-0.015625,-0.023438,-0.015625,0.0,-0.0078125,-0.023438,-0.0078125,-0.0078125
0.0078125,-0.0078125,-0.0078125,0.0078125,-0.015625,-0.023438,-0.03125,0.015625,-0.0078125
0.0,-0.023438,0.015625,-0.0078125,-0.0078125,-0.023438,0.023438,-0.0078125,-0.015625
0.0,-0.015625,-0.03125,0.0,0.0,-0.015625,-0.023438,0.0078125,-0.0078125
0.0,-0.0078125,-0.023438,0.0,-0.015625,-0.015625,-0.015625,0.0078125,-0.0078125
-0.023438,-0.015625,0.0078125,-0.0078125,-0.03125,-0.03125,0.0078125,-0.0078125,-0.023438
-0.023438,0.023438,-0.015625,-0.015625,-0.023438,0.015625,-0.015625,-0.015625,-0.0078125
-0.015625,-0.0078125,-0.0078125,-0.015625,-0.039063,0.0,0.015625,-0.015625,-0.015625
0.0078125,-0.023438,-0.023438,0.0,0.0,-0.015625,-0.023438,0.0078125,-0.023438
0.0,-0.015625,-0.03125,0.0078125,-0.015625,-0.023438,-0.023438,0.0,-0.0078125
-0.0078125,-0.015625,-0.03125,0.023438,-0.015625,-0.0078125,-0.023438,0.0078125,-0.015625
-0.0078125,-0.03125,0.0078125,0.0,-0.015625,-0.015625,0.0078125,-0.0078125,-0.015625
-0.015625,0.0078125,-0.023438,-0.0078125,-0.015625,0.0078125,-0.015625,-0.015625,0.0
-0.0078125,0.0,-0.0078125,-0.015625,-0.0078125,0.0078125,-0.03125,-0.023438,-0.0078125
-0.015625,0.0,-0.015625,-0.015625,-0.0078125,0.0078125,-0.015625,0.0,-0.023438
-0.015625,-0.0078125,0.0078125,-0.03125,-0.0078125,-0.0078125,0.0078125,-0.023438,-0.015625
0.0,-0.0078125,-0.03125,0.0,-0.0078125,-0.0078125,-0.015625,0.0078125,0.0078125
-0.0078125,-0.039063,0.0078125,-0.0078125,-0.0078125,-0.023438,0.015625,-0.015625,-0.015625
-0.0078125,-0.023438,-0.023438,0.0078125,-0.0078125,-0.0078125,-0.015625,0.0078125,-0.0078125
-0.015625,-0.0078125,-0.015625,0.0,-0.0078125,-0.015625,-0.015625,0.0078125,0.0078125
-0.03125,-0.0078125,0.0,-0.0078125,-0.0078125,0.0078125,-0.0078125,-0.0078125,-0.015625
-0.015625,-0.0078125,-0.023438,-0.0078125,0.0078125,-0.023438,-0.023438,0.015625,-0.015625
-0.023438,-0.015625,0.015625,-0.03125,0.0078125,-0.015625,0.0078125,-0.0078125,-0.023438
0.0,-0.023438,-0.0078125,0.0,0.0078125,-0.023438,-0.015625,0.0,0.0078125
-0.0078125,-0.015625,0.0078125,-0.0078125,-0.0078125,-0.03125,-0.0078125,-0.015625,-0.015625
-0.023438,0.015625,-0.015625,-0.0078125,-0.015625,0.0078125,-0.0078125,-0.0078125,0.0
-0.023438,-0.015625,0.015625,-0.0078125,-0.0078125,-0.023438,-0.0078125,-0.0078125,-0.023438
-0.015625,-0.0078125,0.0,-0.0078125,-0.015625,-0.015625,-0.023438,-0.0078125,-0.023438
-0.0078125,-0.023438,0.0,0.015625,-0.015625,-0.0078125,-0.0078125,0.015625,-0.023438
-0.023438,-0.023438,0.0078125,-0.015625,-0.0078125,-0.023438,0.0,-0.023438,-0.0078125
0.0,-0.0078125,-0.015625,-0.0078125,0.0,-0.023438,-0.015625,-0.0078125,0.0
-0.015625,-0.0078125,-0.0078125,0.0,-0.015625,0.0,-0.015625,0.0078125,-0.0078125
-0.015625,-0.0078125,-0.0078125,0.0,-0.015625,-0.015625,0.0,0.0078125,-0.015625
0.0078125,-0.015625,-0.015625,-0.015625,0.023438,-0.03125,-0.015625,-0.015625,0.0078125
-0.015625,-0.015625,-0.015625,0.0,-0.015625,-0.023438,-0.03125,0.0,-0.0078125
0.023438,-0.015625,-0.015625,-0.0078125,0.0078125,-0.03125,-0.0078125,-0.015625,0.0
0.015625,0.0,-0.015625,-0.015625,0.023438,-0.015625,-0.023438,-0.023438,0.015625
-0.023438,-0.023438,0.015625,-0.0078125,-0.015625,-0.03125,0.0,0.0,0.0
0.015625,-0.015625,-0.023438,-0.0078125,0.015625,0.0078125,-0.0078125,-0.015625,0.0
-0.023438,0.0078125,-0.015625,-0.0078125,-0.023438,0.015625,-0.015625,-0.023438,-0.023438
-0.015625,-0.03125,-0.023438,0.0078125,-0.015625,-0.023438,-0.023438,0.0,-0.0078125
-0.015625,-0.0078125,-0.0078125,-0.0078125,0.0,-0.0078125,-0.015625,0.0,0.0078125
-0.0078125,-0.015625,0.0078125,-0.0078125,-0.0078125,-0.023438,0.0078125,-0.015625,-0.015625
0.0,0.0,-0.023438,0.015625,-0.015625,-0.0078125,-0.0078125,0.015625,-0.0078125
-0.015625,0.0,-0.023438,0.015625,-0.0078125,-0.015625,-0.015625,0.015625,-0.0078125
0.023438,-0.0078125,-0.0078125,-0.023438,0.0078125,-0.023438,0.0,-0.015625,0.0078125
-0.015625,-0.03125,0.0,-0.015625,-0.0078125,-0.015625,0.0078125,-0.0078125,-0.015625
-0.015625,-0.0078125,0.0078125,-0.015625,-0.023438,0.0,-0.0078125,-0.015625,-0.023438
0.0,0.023438,-0.039063,-0.0078125,-0.0078125,0.0078125,-0.0078125,-0.023438,-0.0078125
0.0078125,-0.015625,-0.0078125,-0.03125,0.0078125,-0.015625,-0.0078125,-0.03125,0.015625
-0.023438,0.0,0.0,-0.0078125,-0.015625,-0.03125,0.0,-0.015625,-0.023438
-0.015625,-0.015625,0.0078125,-0.015625,-0.0078125,-0.023438,0.0078125,-0.015625,-0.015625
0.03125,-0.015625,-0.015625,-0.015625,0.0078125,-0.023438,-0.015625,-0.023438,0.023438
-0.0078125,-0.015625,-0.0078125,0.0,-0.015625,0.0,-0.015625,0.0078125,-0.0078125
-0.023438,0.0078125,-0.0078125,-0.015625,-0.015625,0.015625,-0.015625,-0.023438,-0.0078125
0.0,-0.023438,-0.015625,0.0,0.0078125,-0.015625,-0.03125,0.0078125,0.0078125
-0.015625,-0.023438,-0.015625,0.0078125,-0.0078125,-0.015625,-0.023438,0.0078125,-0.015625
0.023438,-0.015625,-0.015625,-0.023438,0.015625,-0.023438,0.0,-0.015625,0.0078125
0.0078125,-0.03125,-0.0078125,-0.015625,0.0078125,-0.023438,-0.023438,-0.023438,0.015625
-0.03125,-0.023438,0.015625,-0.023438,-0.0078125,-0.03125,0.015625,-0.015625,-0.0078125
0.0078125,0.0,-0.015625,-0.023438,0.023438,-0.015625,-0.015625,-0.03125,0.023438
0.015625,-0.0078125,-0.0078125,-0.015625,0.0,-0.015625,-0.023438,0.0,0.0078125
-0.015625,-0.03125,0.023438,-0.015625,-0.023438,-0.015625,0.0078125,-0.03125,-0.0078125
0.0078125,-0.0078125,-0.03125,0.0,0.0,-0.0078125,-0.03125,-0.0078125,-0.0078125
0.0,-0.0078125,-0.023438,-0.03125,0.0078125,0.0,0.0,-0.03125,0.015625
0.0078125,-0.015625,-0.023438,-0.03125,0.0,-0.0078125,-0.015625,-0.03125,0.015625
0.0078125,-0.0078125,-0.015625,-0.023438,0.0078125,0.0,-0.023438,-0.015625,0.015625
-0.015625,-0.03125,0.015625,-0.015625,0.0,-0.03125,0.0078125,-0.0078125,-0.015625
-0.015625,-0.0078125,0.0,-0.0078125,-0.0078125,0.0,-0.0078125,-0.023438,-0.0078125
-0.015625,-0.03125,0.0,-0.015625,-0.015625,-0.023438,0.015625,-0.015625,-0.0078125
0.0,-0.0078125,-0.03125,-0.023438,0.015625,0.0,-0.023438,-0.039063,0.0
-0.0078125,-0.023438,0.0078125,-0.03125,-0.0078125,-0.0078125,0.0,-0.03125,-0.015625
-0.015625,-0.015625,-0.023438,0.0078125,-0.015625,-0.0078125,-0.039063,0.0,0.0
0.0078125,-0.015625,-0.03125,-0.03125,0.015625,-0.0078125,-0.0078125,-0.023438,0.015625
0.0078125,-0.03125,-0.023438,-0.023438,0.015625,-0.0078125,-0.015625,-0.023438,0.015625
-0.015625,-0.023438,0.0,0.015625,-0.015625,-0.03125,0.0078125,-0.0078125,-0.0078125
-0.0078125,-0.015625,-0.03125,-0.0078125,0.0,-0.023438,-0.023438,-0.0078125,0.0
-0.0078125,-0.015625,0.023438,-0.015625,-0.015625,-0.0078125,0.0,-0.0078125,-0.015625
-0.015625,-0.015625,-0.015625,0.0,0.0,-0.0078125,-0.03125,0.0078125,0.0
0.023438,-0.0078125,-0.023438,-0.023438,0.015625,-0.0078125,-0.023438,-0.015625,0.0
-0.03125,0.0078125,0.0,-0.023438,-0.03125,0.015625,-0.0078125,-0.0078125,-0.023438
0.015625,-0.0078125,-0.023438,-0.0078125,0.0078125,-0.023438,-0.0078125,-0.023438,0.023438
0.023438,-0.0078125,-0.023438,-0.03125,0.0,-0.0078125,-0.0078125,-0.023438,0.023438
0.015625,-0.023438,-0.0078125,-0.0078125,0.015625,-0.0078125,-0.0078125,-0.03125,0.0078125
-0.0078125,-0.0078125,0.023438,-0.023438,-0.015625,-0.023438,0.015625,-0.015625,-0.023438
-0.015625,-0.015625,-0.0078125,0.0,-0.023438,-0.03125,0.0,0.0,-0.0078125
-0.015625,0.015625,-0.015625,-0.015625,-0.0078125,0.0078125,-0.015625,-0.0078125,-0.015625
-0.023438,-0.03125,0.0078125,-0.0078125,-0.023438,-0.0078125,0.015625,-0.0078125,-0.015625
0.0078125,-0.015625,0.0,-0.0078125,-0.0078125,-0.023438,-0.015625,-0.0078125,0.0
-0.015625,-0.023438,0.015625,-0.023438,-0.023438,-0.015625,0.0,-0.015625,-0.023438
-0.023438,-0.015625,0.0078125,-0.015625,-0.015625,-0.023438,0.015625,-0.023438,-0.0078125
-0.023438,-0.023438,0.0078125,-0.0078125,-0.015625,-0.03125,0.0,-0.0078125,-0.023438
-0.0078125,-0.0078125,-0.023438,0.0,0.0,-0.015625,-0.023438,0.023438,-0.0078125
-0.015625,-0.023438,0.015625,-0.015625,-0.023438,-0.015625,0.0078125,-0.0078125,-0.015625
-0.0078125,-0.015625,-0.015625,-0.0078125,0.0,-0.015625,-0.023438,0.0078125,-0.0078125
0.0078125,-0.023438,-0.015625,-0.0078125,0.0,-0.015625,-0.015625,-0.023438,0.023438
0.0078125,-0.015625,-0.015625,-0.023438,0.023438,-0.015625,-0.023438,-0.015625,0.015625
0.0078125,-0.023438,-0.015625,-0.0078125,0.023438,-0.015625,-0.03125,-0.015625,0.0078125
-0.015625,-0.03125,0.015625,0.0,-0.023438,-0.023438,-0.0078125,-0.015625,-0.0078125
-0.015625,-0.03125,0.015625,-0.023438,-0.015625,-0.015625,-0.0078125,-0.023438,-0.0078125
-0.0078125,-0.03125,-0.023438,0.0078125,-0.023438,-0.023438,-0.015625,0.0,-0.015625
0.0078125,-0.023438,-0.0078125,0.0,0.0,-0.015625,-0.0078125,-0.0078125,0.0078125
0.0078125,0.0,-0.023438,0.0078125,-0.0078125,-0.015625,-0.023438,-0.023438,0.0
0.0,-0.015625,-0.0078125,0.0078125,-0.015625,-0.0078125,-0.015625,0.0078125,-0.015625
0.0,-0.0078125,-0.015625,0.0078125,-0.0078125,-0.023438,-0.023438,-0.015625,-0.0078125
-0.023438,-0.023438,0.0,0.0,-0.015625,-0.015625,0.015625,0.0,-0.015625
-0.0078125,-0.015625,-0.015625,0.0,0.0,-0.015625,-0.023438,-0.015625,0.0
0.015625,-0.023438,-0.023438,-0.015625,0.023438,-0.015625,-0.015625,-0.0078125,0.0078125
-0.0078125,-0.015625,0.0078125,-0.0078125,-0.015625,-0.015625,0.0078125,-0.023438,-0.023438
-0.015625,-0.03125,0.015625,-0.0078125,-0.015625,-0.015625,0.0078125,-0.015625,-0.023438
-0.015625,-0.015625,0.0,-0.015625,-0.023438,-0.023438,0.023438,-0.023438,-0.03125
0.0,-0.015625,-0.03125,0.0,-0.0078125,-0.0078125,-0.023438,0.0078125,0.0
-0.015625,0.0,-0.015625,0.0,-0.023438,-0.023438,-0.039063,0.015625,-0.023438
-0.03125,-0.023438,0.015625,-0.015625,-0.015625,-0.015625,0.0078125,-0.015625,-0.015625
-0.015625,-0.03125,-0.015625,0.0,-0.015625,-0.015625,0.0078125,-0.015625,-0.023438
-0.015625,-0.023438,-0.015625,0.0078125,-0.023438,-0.015625,-0.023438,0.0,0.0
0.0,-0.015625,-0.023438,0.0078125,-0.015625,-0.0078125,-0.03125,0.0078125,-0.023438
0.0,-0.015625,-0.023438,0.0,-0.015625,0.0,-0.03125,0.0,-0.0078125
-0.015625,-0.015625,0.0078125,-0.015625,-0.015625,-0.03125,0.015625,-0.0078125,-0.023438
-0.015625,-0.039063,0.0078125,0.0,-0.015625,-0.046875,0.015625,-0.023438,-0.015625
0.0,-0.03125,0.0,0.0,-0.0078125,-0.023438,0.015625,-0.015625,-0.023438
-0.023438,-0.0078125,-0.03125,-0.0078125,0.0,-0.015625,-0.039063,0.015625,0.0
0.0,-0.015625,-0.03125,0.0,0.0,-0.023438,-0.023438,0.015625,0.0078125
0.0078125,-0.015625,-0.0078125,0.0,0.0078125,-0.0078125,-0.023438,-0.0078125,0.0
-0.023438,-0.015625,0.0078125,-0.023438,-0.015625,-0.015625,0.015625,-0.0078125,-0.023438
0.015625,0.0,-0.015625,-0.046875,0.0078125,-0.0078125,-0.0078125,-0.023438,0.0078125
-0.0078125,0.0,-0.015625,0.0078125,-0.015625,-0.015625,-0.0078125,0.0078125,-0.023438
0.0078125,-0.023438,-0.039063,0.0,-0.0078125,-0.023438,-0.0078125,0.0,-0.015625
-0.0078125,-0.023438,-0.023438,0.015625,-0.0078125,-0.015625,-0.015625,0.015625,-0.023438
0.0078125,-0.0078125,-0.015625,0.015625,-0.0078125,-0.0078125,-0.023438,0.0,0.0
0.0,0.0,-0.015625,-0.023438,-0.015625,0.0078125,-0.015625,-0.039063,-0.03125
-0.015625,-0.015625,0.0078125,-0.0078125,-0.0078125,-0.0078125,0.015625,-0.015625,-0.015625
0.0,0.0,-0.03125,0.015625,-0.015625,-0.015625,-0.03125,0.0,0.0
-0.015625,0.0078125,-0.023438,-0.015625,0.0078125,0.0,-0.015625,-0.023438,0.0078125
-0.015625,-0.023438,0.015625,-0.015625,-0.0078125,-0.03125,0.015625,-0.015625,-0.023438
-0.023438,-0.0078125,-0.015625,0.023438,-0.0078125,-0.015625,-0.015625,0.015625,0.0
-0.015625,-0.015625,-0.03125,0.0,-0.015625,-0.023438,-0.023438,0.023438,-0.0078125
-0.015625,-0.039063,0.015625,-0.015625,-0.015625,-0.023438,0.015625,-0.0078125,-0.023438
0.0,-0.023438,-0.015625,0.0,0.0078125,-0.015625,-0.023438,0.023438,-0.0078125
-0.015625,0.0078125,-0.015625,0.015625,-0.015625,-0.0078125,-0.039063,0.0078125,-0.03125
0.0078125,-0.015625,-0.023438,0.0,-0.015625,-0.023438,-0.023438,0.015625,0.023438
-0.015625,0.015625,-0.015625,-0.015625,-0.015625,0.03125,-0.023438,-0.0078125,-0.0078125
0.015625,-0.015625,-0.0078125,0.0,0.0078125,-0.03125,-0.023438,-0.015625,0.0078125
-0.039063,-0.0078125,-0.023438,0.0078125,0.0,-0.015625,-0.023438,0.0078125,0.0
-0.015625,-0.039063,0.0,0.023438,-0.023438,-0.0078125,-0.0078125,0.023438,-0.0078125
-0.023438,-0.0078125,0.0078125,-0.023438,-0.023438,-0.015625,0.015625,-0.0078125,-0.023438
0.0,0.0,-0.015625,-0.03125,-0.0078125,-0.0078125,0.0,-0.054688,0.0
-0.023438,0.0078125,-0.0078125,-0.0078125,-0.023438,0.0078125,-0.0078125,-0.015625,-0.015625
-0.023438,-0.0078125,-0.023438,0.0,-0.0078125,-0.0078125,-0.023438,0.015625,-0.015625
0.0,-0.03125,-0.023438,0.0078125,-0.023438,-0.0078125,-0.03125,0.0078125,-0.0078125
-0.023438,-0.023438,0.015625,-0.015625,-0.0078125,0.0,0.0078125,-0.023438,-0.0078125
0.0,-0.015625,-0.015625,0.015625,-0.023438,-0.0078125,-0.015625,0.0078125,-0.015625
0.0078125,-0.015625,-0.023438,-0.0078125,0.015625,-0.015625,-0.0078125,-0.0078125,0.0078125
-0.023438,-0.0078125,0.0,0.0078125,-0.0078125,-0.0078125,-0.015625,0.015625,-0.023438
0.0,-0.023438,-0.015625,0.0,-0.023438,-0.0078125,-0.0078125,0.015625,-0.023438
-0.0078125,-0.015625,0.0078125,-0.023438,-0.03125,0.0,0.015625,-0.015625,-0.023438
-0.023438,-0.015625,-0.015625,0.015625,-0.0078125,-0.015625,-0.023438,0.0078125,-0.015625
-0.015625,-0.03125,-0.023438,0.0078125,-0.0078125,-0.0078125,-0.03125,0.0,-0.0078125
-0.023438,-0.0078125,0.015625,-0.0078125,-0.0078125,0.0,0.0078125,-0.0078125,-0.03125
-0.023438,-0.023438,0.0078125,-0.015625,-0.0078125,-0.03125,0.015625,-0.023438,-0.0078125
-0.023438,-0.023438,-0.039063,0.0078125,-0.015625,-0.0078125,-0.023438,0.0078125,-0.015625
-0.03125,-0.0078125,0.0,-0.015625,-0.0078125,-0.015625,-0.023438,0.0078125,-0.0078125
-0.0078125,-0.03125,0.0078125,-0.0078125,-0.03125,-0.023438,0.015625,-0.023438,-0.015625
-0.0078125,-0.0078125,-0.015625,0.015625,-0.023438,-0.023438,-0.023438,0.0,-0.015625
0.0,-0.015625,-0.015625,0.0,0.0,0.0,-0.03125,0.0078125,-0.0078125
-0.015625,-0.015625,0.0,-0.023438,-0.015625,-0.023438,0.015625,-0.015625,-0.0078125
0.0078125,0.0078125,-0.015625,-0.015625,0.0,-0.023438,-0.0078125,0.0,-0.0078125
0.0,-0.023438,-0.023438,0.0078125,-0.015625,0.0,-0.03125,0.0078125,-0.015625
-0.0078125,-0.015625,-0.03125,-0.0078125,0.0,-0.023438,-0.023438,0.0,-0.0078125
0.015625,-0.015625,-0.0078125,-0.015625,0.0078125,-0.015625,-0.023438,-0.0078125,0.0
-0.015625,-0.0078125,-0.03125,0.0,-0.015625,-0.023438,-0.015625,0.015625,-0.015625
-0.03125,-0.023438,0.023438,-0.015625,-0.015625,-0.03125,0.015625,-0.023438,-0.015625
-0.0078125,-0.015625,-0.023438,0.0,0.0,-0.023438,-0.023438,0.0,-0.023438
-0.015625,0.015625,-0.015625,-0.023438,0.0,0.0078125,-0.015625,-0.0078125,0.0
-0.015625,-0.015625,0.0078125,-0.0078125,-0.0078125,-0.023438,0.0078125,-0.0078125,0.0078125
-0.0078125,-0.023438,0.0,-0.0078125,-0.023438,-0.023438,0.015625,-0.0078125,-0.0078125
0.0,0.015625,-0.023438,-0.023438,0.0078125,0.0078125,-0.015625,-0.015625,-0.015625
-0.0078125,-0.023438,0.0,-0.015625,-0.015625,-0.023438,0.015625,-0.0078125,-0.023438
0.0,0.015625,0.0,-0.015625,0.0,0.015625,-0.03125,-0.023438,-0.0078125
-0.015625,-0.023438,-0.023438,0.0078125,-0.015625,-0.015625,-0.023438,0.015625,0.0
-0.015625,-0.015625,0.015625,-0.0078125,-0.0078125,-0.023438,0.0078125,-0.015625,-0.023438
0.0078125,-0.015625,-0.015625,-0.0078125,-0.0078125,-0.023438,-0.0078125,-0.0078125,0.0
-0.039063,-0.03125,0.023438,0.0,-0.0078125,-0.03125,0.0078125,-0.03125,-0.015625
-0.0078125,-0.03125,0.0078125,-0.015625,-0.039063,-0.023438,-0.015625,-0.015625,0.0078125
0.0078125,-0.0078125,0.0,0.0078125,0.0078125,-0.015625,-0.03125,0.0,0.0
-0.015625,-0.015625,-0.0078125,-0.015625,-0.015625,-0.023438,0.015625,-0.015625,-0.015625
-0.0078125,-0.015625,0.0,-0.015625,-0.03125,0.039063,-0.0625,0.0078125,-0.0078125
-0.023438,-0.015625,-0.03125,-0.015625,-0.023438,-0.0078125,0.015625,0.0078125,-0.015625
0.0,0.0,-0.03125,0.0078125,-0.015625,-0.0078125,-0.023438,-0.0078125,-0.0078125
0.0,-0.015625,0.015625,-0.0078125,-0.015625,-0.03125,0.0078125,-0.023438,-0.015625
-0.015625,-0.023438,0.0078125,0.0078125,-0.039063,-0.0625,0.0078125,-0.023438,0.0078125
0.0,-0.0078125,-0.023438,-0.03125,0.0,0.0078125,-0.023438,-0.039063,0.0
-0.015625,0.015625,-0.015625,-0.0078125,-0.023438,-0.015625,-0.015625,0.0,0.0
-0.015625,-0.015625,-0.015625,0.015625,0.0,-0.054688,-0.0078125,0.0,0.0
-0.015625,-0.015625,0.023438,-0.023438,-0.0078125,-0.023438,0.0078125,-0.015625,-0.0078125
-0.03125,-0.0078125,-0.0078125,-0.015625,-0.023438,-0.0078125,0.015625,-0.015625,-0.0078125
-0.0078125,-0.0078125,-0.015625,0.0078125,-0.015625,-0.015625,-0.015625,0.015625,-0.023438
-0.023438,-0.0078125,0.0078125,0.0078125,-0.015625,-0.0078125,0.0,0.0078125,-0.015625
0.0,0.0078125,-0.015625,-0.023438,-0.0078125,-0.0078125,0.0,-0.03125,-0.0078125
0.0,0.0078125,-0.015625,-0.023438,-0.0078125,0.0078125,-0.015625,-0.0078125,-0.015625
-0.023438,-0.046875,-0.015625,-0.0078125,0.0,0.0,-0.0078125,-0.0078125,-0.0078125
-0.03125,-0.015625,-0.0078125,-0.015625,-0.015625,-0.0078125,-0.015625,-0.03125,0.0078125
-0.0078125,-0.023438,-0.015625,-0.0078125,-0.023438,0.0078125,0.0,-0.023438,-0.03125
0.0,-0.015625,0.0,-0.03125,0.0,-0.023438,-0.015625,-0.015625,0.0
0.0,-0.023438,-0.023438,-0.0078125,-0.0078125,0.0,0.0078125,-0.0078125,-0.015625
-0.015625,0.015625,-0.03125,-0.03125,-0.03125,0.0078125,-0.03125,0.0,0.015625
-0.03125,-0.015625,-0.023438,-0.023438,-0.023438,-0.015625,0.0,-0.039063,0.0
-0.0078125,0.0078125,-0.023438,-0.039063,-0.03125,0.0078125,-0.03125,0.0,0.0078125
0.0078125,-0.0078125,0.0078125,0.0,-0.015625,-0.03125,-0.0078125,0.015625,-0.023438
-0.015625,0.0078125,-0.0078125,0.0,-0.015625,0.015625,-0.039063,-0.0078125,0.0
-0.054688,0.0,-0.015625,-0.0078125,-0.015625,-0.0078125,0.0078125,0.0078125,-0.0078125
-0.0078125,-0.023438,-0.015625,-0.0078125,0.0078125,-0.015625,0.023438,-0.015625,-0.015625
-0.023438,0.0,0.023438,-0.054688,-0.015625,0.0,-0.015625,0.023438,-0.0078125
0.015625,-0.039063,-0.0078125,-0.0078125,-0.023438,-0.0078125,-0.0078125,-0.023438,-0.015625
-0.023438,-0.03125,0.0078125,-0.023438,-0.015625,-0.0078125,0.0078125,-0.03125,-0.023438
-0.0078125,-0.015625,0.0,0.0,0.0,0.0,-0.015625,0.0,-0.023438
0.0078125,0.0078125,-0.023438,0.0,-0.015625,-0.046875,0.0078125,-0.0078125,-0.046875
-0.0078125,-0.023438,-0.039063,-0.0078125,-0.023438,0.0,-0.0078125,0.0,0.0
0.015625,-0.03125,-0.0078125,0.0,-0.015625,-0.015625,0.0078125,-0.03125,-0.015625
0.0,-0.0078125,-0.0078125,-0.015625,0.0,-0.0078125,0.015625,-0.046875,-0.023438
0.0078125,0.015625,-0.023438,-0.0078125,0.0,-0.03125,0.023438,-0.015625,-0.039063
0.0078125,-0.023438,-0.0078125,0.0,-0.0078125,-0.015625,0.015625,-0.0078125,-0.03125
-0.0078125,0.0078125,-0.023438,-0.023438,0.0,-0.023438,-0.015625,0.015625,-0.015625
0.0078125,0.0,-0.015625,-0.0078125,-0.03125,-0.0078125,0.0078125,-0.039063,0.0
0.0,-0.015625,0.023438,-0.015625,0.0,0.0,-0.039063,-0.0078125,-0.023438
0.0,-0.03125,0.0078125,-0.023438,-0.015625,0.0,0.023438,0.023438,-0.10156
0.0,-0.0078125,-0.023438,-0.039063,-0.015625,0.0,0.0,-0.023438,-0.0078125
-0.0078125,0.0078125,0.0078125,0.0078125,-0.023438,0.015625,-0.03125,-0.023438,-0.015625
-0.0078125,-0.023438,-0.03125,0.0,-0.023438,-0.039063,0.015625,-0.023438,-0.023438
-0.03125,-0.0078125,-0.0078125,-0.023438,0.0078125,0.0078125,-0.039063,-0.015625,0.0
-0.0078125,0.0,-0.015625,0.0,-0.0078125,0.023438,0.0078125,0.0,-0.015625
0.0,-0.023438,0.0,-0.0078125,0.0,-0.015625,0.0,-0.023438,-0.03125
0.015625,-0.023438,0.023438,0.0,-0.015625,-0.023438,-0.023438,-0.015625,0.023438
-0.023438,-0.015625,0.0,-0.0078125,-0.015625,0.0,-0.0078125,-0.023438,-0.023438
-0.0078125,0.0078125,0.0078125,0.0,-0.023438,-0.03125,-0.023438,-0.0078125,-0.0078125
-0.039063,-0.023438,-0.0078125,0.0078125,0.0,0.0,-0.0078125,-0.0078125,-0.039063
-0.0078125,-0.03125,0.0078125,-0.0078125,-0.015625,0.039063,-0.015625,-0.0078125,-0.03125
-0.03125,0.0,-0.0078125,0.0,0.0,-0.023438,-0.015625,0.0078125,0.0
-0.0078125,0.0078125,-0.015625,0.0,0.015625,-0.039063,-0.015625,0.0,-0.039063
0.03125,-0.015625,0.023438,-0.070313,-0.0078125,0.0,0.0,0.015625,-0.039063
0.023438,-0.03125,0.0,-0.023438,-0.0078125,0.03125,-0.015625,0.015625,-0.023438
-0.0078125,-0.023438,0.015625,0.0,0.0078125,-0.03125,-0.015625,-0.0078125,0.0
-0.015625,-0.0078125,-0.03125,-0.015625,-0.0078125,-0.023438,0.039063,-0.046875,0.0
-0.015625,-0.0078125,-0.0078125,-0.015625,-0.046875,0.0,-0.0078125,0.0,-0.023438
0.0,-0.0078125,0.015625,-0.023438,0.0,-0.0078125,-0.023438,-0.03125,0.0078125
0.0078125,-0.023438,0.0,0.0,0.0,-0.023438,-0.023438,0.0078125,0.0
0.0,-0.015625,0.0,0.0,-0.0078125,-0.015625,0.0,-0.015625,-0.0078125
0.015625,0.0,-0.023438,-0.015625,0.0078125,-0.015625,-0.023438,-0.015625,0.023438
0.0,-0.0078125,-0.015625,0.023438,-0.023438,-0.015625,0.0,-0.023438,0.023438
-0.015625,-0.039063,-0.0078125,0.0,0.0078125,-0.015625,-0.015625,-0.023438,-0.0078125
0.015625,-0.023438,0.0,-0.0078125,-0.015625,-0.0078125,0.0,0.0,-0.023438
-0.0078125,-0.023438,-0.046875,-0.0078125,-0.015625,0.015625,0.0,-0.03125,-0.0078125
0.0,0.0,-0.015625,-0.0078125,0.0078125,-0.046875,-0.015625,-0.0078125,-0.0078125
0.0,0.0,-0.0078125,-0.0078125,0.0,-0.0078125,-0.0078125,-0.0078125,-0.023438
-0.0078125,-0.0078125,-0.0078125,-0.0078125,-0.0078125,0.0,-0.0078125,-0.0078125,-0.023438
-0.0078125,-0.0078125,-0.0078125,-0.015625,-0.0078125,-0.015625,0.0,-0.015625,-0.0078125
0.0078125,-0.0078125,-0.015625,-0.015625,-0.015625,-0.0078125,-0.0078125,-0.015625,0.0
-0.023438,0.0,-0.0078125,-0.015625,-0.0078125,-0.0078125,0.0,-0.0078125,0.0
0.0,-0.0078125,-0.0078125,0.0,0.0,-0.015625,-0.0078125,0.0,0.0
0.0,-0.023438,0.0,-0.015625,-0.0078125,-0.015625,-0.015625,-0.015625,-0.0078125
-0.03125,-0.015625,-0.015625,-0.015625,-0.0078125,-0.015625,0.0,-0.015625,-0.0078125
-0.0078125,0.0078125,-0.0078125,0.0,-0.03125,0.0,-0.023438,0.0,-0.015625
-0.0078125,-0.0078125,-0.015625,-0.0078125,-0.015625,-0.0078125,-0.023438,-0.0078125,0.0
-0.0078125,-0.023438,-0.0078125,-0.0078125,-0.0078125,-0.0078125,-0.015625,-0.015625,0.0
-0.0078125,-0.015625,0.0,-0.015625,-0.023438,-0.0078125,0.0,0.0078125,-0.0078125
0.0078125,-0.0078125,-0.015625,-0.015625,-0.015625,-0.015625,0.0,-0.0078125,0.0
0.0078125,0.0,0.0078125,0.0,-0.023438,-0.015625,-0.0078125,-0.0078125,-0.015625
-0.015625,-0.0078125,-0.0078125,-0.0078125,0.0078125,-0.015625,-0.0078125,0.0,0.0078125
-0.0078125,-0.0078125,-0.023438,-0.015625,-0.0078125,-0.0078125,-0.0078125,0.0,0.0
0.0078125,0.0,-0.015625,-0.015625,-0.0078125,-0.023438,-0.015625,0.0,-0.023438
-0.023438,-0.0078125,-0.015625,0.0,-0.015625,-0.0078125,0.0,-0.0078125,-0.023438
0.0,-0.0078125,-0.0078125,-0.0078125,0.0,-0.0078125,-0.0078125,-0.0078125,-0.023438
-0.0078125,-0.015625,0.0,-0.015625,0.0078125,0.0,0.0,-0.0078125,-0.015625
-0.015625,-0.0078125,0.0,-0.023438,-0.03125,0.0078125,-0.0078125,-0.023438,-0.0078125
-0.015625,0.0,-0.03125,-0.03125,-0.0078125,-0.0078125,0.015625,-0.023438,0.015625
0.0078125,-0.023438,-0.0078125,0.015625,-0.0078125,0.0,-0.015625,-0.03125,-0.015625
-0.023438,-0.039063,0.0078125,0.0078125,-0.023438,0.0078125,0.0,0.0,0.0078125
-0.023438,0.0078125,-0.0078125,-0.015625,-0.015625,0.015625,-0.015625,-0.03125,0.0
-0.0078125,-0.023438,0.0078125,-0.0078125,-0.0078125,0.0078125,-0.0078125,-0.015625,0.0078125
0.0,-0.046875,-0.015625,-0.0078125,0.0078125,-0.03125,0.03125,-0.054688,0.0078125
-0.0078125,0.0,-0.0078125,-0.0078125,-0.03125,0.03125,-0.046875,0.0,-0.015625
0.023438,-0.039063,0.03125,-0.015625,0.0,-0.015625,0.0,-0.03125,-0.023438
0.0,0.0,-0.023438,-0.0078125,-0.023438,-0.023438,-0.023438,0.03125,-0.03125
-0.03125,0.015625,0.0,-0.015625,0.0,-0.03125,-0.023438,0.0,0.0078125
0.0,0.0,-0.023438,-0.0078125,-0.015625,-0.0078125,0.015625,-0.015625,0.0078125
0.0,-0.023438,0.0078125,-0.015625,-0.015625,0.0078125,-0.0078125,0.015625,-0.039063
-0.03125,0.015625,0.015625,0.0078125,-0.015625,-0.03125,0.0,0.0078125,0.0078125
-0.015625,0.0,-0.015625,0.0,-0.03125,0.0078125,0.0,-0.039063,0.0078125
0.0,-0.039063,0.0078125,-0.039063,0.0,-0.0078125,-0.015625,0.015625,0.015625
-0.023438,-0.0078125,0.0078125,-0.023438,0.023438,-0.039063,-0.015625,-0.0078125,-0.015625
-0.015625,-0.023438,-0.015625,-0.023438,0.0078125,-0.015625,-0.015625,-0.015625,-0.015625
-0.015625,-0.0078125,0.0,0.0078125,-0.015625,0.015625,-0.015625,-0.03125,-0.023438
0.0,-0.015625,-0.0078125,-0.015625,-0.0078125,-0.0078125,-0.015625,0.0,-0.023438
-0.015625,-0.023438,0.0,0.015625,-0.0078125,0.023438,0.0,-0.0078125,-0.015625
-0.0078125,0.0,-0.0078125,-0.0078125,-0.03125,-0.015625,-0.0078125,-0.0078125,0.0078125
0.0,-0.015625,-0.0078125,-0.023438,-0.0078125,-0.023438,0.0,-0.0078125,-0.023438
-0.0078125,0.0078125,-0.0078125,-0.023438,0.015625,-0.0078125,-0.0078125,-0.0078125,-0.03125
-0.0078125,-0.023438,-0.0078125,0.0078125,0.0,-0.039063,0.0078125,0.0,-0.046875
-0.0078125,-0.0078125,-0.023438,0.0,-0.03125,0.0,-0.015625,-0.015625,0.015625
-0.015625,-0.0078125,-0.0078125,-0.015625,-0.023438,0.0,-0.015625,-0.0078125,0.015625
-0.039063,-0.039063,0.0078125,0.0,0.023438,-0.03125,-0.023438,-0.039063,-0.015625
-0.039063,0.0078125,-0.015625,-0.0078125,-0.054688,0.0,-0.054688,0.03125,-0.023438
-0.015625,0.0,-0.0078125,-0.046875,-0.0078125,-0.0078125,-0.023438,0.0078125,0.0
0.0078125,-0.0078125,-0.03125,-0.054688,-0.054688,0.015625,0.023438,-0.0078125,-0.0078125
0.0078125,-0.023438,-0.0625,-0.0078125,0.023438,0.0,0.0,-0.0078125,-0.015625
0.0,-0.015625,-0.015625,0.0,0.0078125,-0.015625,0.0,-0.039063,0.0
0.015625,-0.023438,0.0078125,-0.023438,0.0078125,-0.046875,0.0,-0.0078125,-0.023438
-0.023438,-0.015625,-0.0078125,0.0,0.0,-0.0078125,-0.015625,0.023438,-0.039063
-0.015625,-0.0078125,-0.03125,-0.03125,-0.015625,-0.015625,-0.0078125,-0.023438,0.023438
0.0078125,-0.0078125,-0.039063,0.0078125,-0.015625,-0.0078125,0.0078125,-0.023438,-0.023438
0.03125,-0.039063,-0.015625,-0.015625,0.03125,-0.015625,-0.03125,-0.015625,-0.023438
0.0,0.0078125,0.0,-0.039063,-0.015625,0.0,0.0,0.015625,-0.0625
-0.0078125,-0.0078125,0.0,-0.03125,-0.0078125,-0.015625,-0.023438,0.0,-0.023438
-0.023438,-0.0078125,0.015625,-0.03125,0.015625,-0.0078125,-0.03125,-0.0078125,0.015625
-0.015625,0.0078125,-0.03125,-0.039063,0.015625,0.03125,0.0078125,-0.046875,0.0
-0.0078125,-0.0078125,0.0,0.0,-0.039063,0.0078125,-0.0078125,-0.0078125,0.0
0.0078125,-0.023438,0.0078125,-0.0078125,0.0078125,-0.015625,-0.0078125,-0.0078125,-0.015625
-0.015625,-0.015625,-0.023438,-0.0078125,-0.0078125,0.0,-0.0078125,-0.015625,0.0
-0.015625,-0.015625,-0.03125,-0.015625,0.0,-0.023438,0.0,-0.023438,-0.015625
0.0,0.0,0.0078125,0.0,-0.0078125,-0.03125,0.0,-0.0078125,0.0078125
0.0078125,-0.023438,-0.015625,0.0,-0.015625,-0.0078125,-0.0078125,-0.015625,-0.0078125
0.0078125,-0.023438,-0.015625,-0.023438,-0.023438,0.0,-0.0078125,0.015625,-0.0078125
0.0078125,-0.0078125,-0.015625,0.015625,-0.03125,-0.03125,0.0,0.015625,-0.046875
0.015625,-0.054688,0.0078125,-0.0078125,-0.03125,-0.023438,0.0,-0.023438,-0.0078125
-0.015625,0.0078125,0.0,-0.023438,-0.0078125,-0.015625,0.0,0.0078125,-0.039063
-0.015625,-0.023438,0.015625,0.0,-0.023438,0.0,-0.03125,0.0078125,-0.023438
0.0,-0.0078125,0.0,-0.054688,-0.0078125,0.0078125,-0.015625,0.0078125,-0.023438
0.0,-0.03125,-0.015625,0.0,0.015625,0.0078125,-0.015625,0.0078125,0.0
-0.03125,0.0,-0.015625,0.0,-0.015625,0.0,0.0,0.0078125,-0.023438
-0.015625,0.0,-0.0078125,-0.015625,-0.023438,0.0,-0.0078125,-0.0078125,0.0078125
-0.023438,-0.0078125,0.0,-0.015625,-0.0078125,-0.0078125,-0.0078125,-0.0078125,0.0
-0.015625,-0.070313,-0.023438,0.0078125,0.0078125,0.023438,-0.023438,-0.0078125,-0.023438
0.0,-0.0078125,-0.015625,0.0078125,-0.023438,-0.023438,-0.015625,0.0,0.0078125
0.023438,-0.13281,0.078125,-0.14844,0.078125,-0.10156,-0.10156,0.03125,0.046875
0.03125,-0.0078125,0.17188,-0.039063,0.10156,-0.17188,0.046875,-0.10156,0.10938
0.0,-0.015625,0.039063,-0.03125,-0.0078125,-0.0078125,-0.0078125,0.0,-0.023438
0.023438,0.0,0.0,0.0078125,-0.0625,0.0625,-0.03125,-0.0078125,0.03125
0.054688,-0.070313,0.11719,-0.03125,0.0,0.015625,-0.070313,0.0,0.14063
0.023438,0.0,-0.0078125,0.03125,-0.070313,0.054688,0.0078125,-0.046875,0.015625
-0.0625,0.023438,-0.085938,0.039063,-0.046875,0.046875,-0.015625,-0.03125,-0.023438
-0.054688,-0.015625,-0.015625,-0.023438,0.03125,-0.0078125,0.015625,-0.015625,-0.0078125
-0.023438,0.0078125,-0.0078125,0.0,-0.03125,-0.0078125,-0.0078125,-0.023438,0.015625
0.0078125,-0.03125,0.015625,0.03125,-0.039063,0.070313,-0.0078125,-0.0625,-0.125
-0.03125,0.0078125,0.015625,0.0078125,0.0078125,-0.0625,0.046875,-0.054688,-0.015625
-0.015625,0.054688,-0.0625,0.0078125,-0.023438,-0.023438,0.015625,-0.0078125,-0.085938
0.0078125,-0.070313,0.10156,0.0625,-0.0078125,0.03125,-0.039063,-0.015625,-0.039063
0.070313,0.0,-0.03125,-0.046875,-0.13281,0.14844,-0.015625,-0.015625,-0.11719
0.015625,-0.046875,-0.015625,0.03125,-0.125,-0.054688,-0.0078125,-0.023438,0.015625
0.015625,-0.046875,-0.015625,-0.023438,-0.023438,0.0078125,0.0,0.039063,-0.039063
0.0078125,-0.015625,-0.015625,-0.039063,0.0625,-0.046875,-0.10156,-0.070313,0.0
-0.046875,-0.023438,-0.0625,0.0078125,-0.0625,0.054688,-0.039063,0.0,0.023438
-0.14063,-0.14844,0.0625,-0.13281,0.03125,0.10156,0.023438,-0.0078125,-0.054688
-0.015625,0.0,0.0,-0.023438,-0.0078125,0.039063,-0.039063,0.0,-0.046875
-0.023438,0.0,-0.0078125,-0.0078125,-0.0078125,-0.015625,-0.023438,-0.03125,-0.03125
0.0,-0.16406,0.0078125,0.054688,0.03125,0.10938,-0.0078125,-0.0078125,-0.14844
-0.023438,-0.0078125,-0.023438,-0.0078125,-0.0078125,-0.015625,0.0,-0.015625,-0.03125
0.015625,-0.015625,-0.0078125,-0.0078125,0.0,-0.015625,-0.023438,-0.0078125,0.0
-0.03125,-0.0078125,-0.023438,-0.015625,0.015625,-0.015625,-0.03125,-0.0078125,0.0
0.0,-0.015625,-0.023438,-0.015625,-0.023438,0.0078125,-0.015625,-0.015625,-0.015625
-0.015625,-0.0078125,-0.023438,-0.0078125,0.0,-0.03125,0.0,-0.0078125,-0.015625
-0.015625,-0.0078125,-0.015625,0.0,-0.023438,-0.015625,0.0078125,-0.0078125,0.0
0.0,-0.0078125,-0.015625,-0.023438,0.0,0.0,-0.015625,-0.0078125,0.0
-0.015625,-0.0078125,-0.0078125,0.0078125,-0.015625,0.0,0.0,-0.0078125,-0.0078125
0.0,0.0,-0.0078125,0.0078125,-0.023438,-0.015625,-0.0078125,0.0,-0.0078125
-0.03125,-0.0078125,0.0078125,-0.015625,-0.0078125,-0.0078125,-0.015625,-0.015625,-0.015625
-0.015625,0.0,-0.0078125,-0.0078125,-0.0078125,-0.0078125,-0.023438,-0.0078125,0.0
-0.0078125,-0.0078125,0.0,0.0,-0.0078125,-0.015625,-0.0078125,0.0,-0.0078125
0.0078125,-0.015625,-0.0078125,-0.015625,-0.015625,-0.0078125,-0.015625,-0.0078125,-0.023438
-0.0078125,-0.015625,-0.0078125,0.0,0.0,-0.015625,0.0,-0.015625,-0.015625
0.015625,0.0,-0.0078125,-0.015625,-0.0078125,-0.0078125,0.0078125,-0.0078125,-0.0078125
0.023438,-0.046875,-0.0078125,-0.0078125,-0.039063,0.023438,-0.015625,-0.0078125,-0.015625
0.0078125,-0.023438,-0.039063,0.0,-0.015625,-0.015625,0.0,-0.015625,-0.015625
-0.0078125,-0.015625,-0.0078125,0.015625,-0.015625,0.0,-0.015625,-0.039063,-0.0078125
-0.015625,-0.0078125,-0.0078125,0.0078125,-0.015625,-0.023438,-0.0078125,-0.0078125,-0.0078125
-0.039063,-0.015625,-0.023438,0.0078125,0.023438,-0.023438,-0.023438,-0.03125,-0.0078125
-0.03125,-0.0078125,0.0,-0.0078125,-0.0078125,-0.015625,0.015625,-0.015625,-0.023438
-0.015625,0.0,-0.0078125,-0.0078125,-0.0078125,0.0,-0.0078125,-0.0078125,-0.015625
-0.03125,0.0,0.0,-0.023438,0.015625,0.0,-0.015625,-0.0078125,-0.023438
0.015625,-0.015625,-0.015625,0.0,0.0078125,-0.0078125,-0.023438,0.0,-0.0078125
-0.0078125,-0.023438,-0.015625,-0.015625,-0.0078125,-0.0078125,-0.023438,0.015625,-0.0078125
-0.0078125,0.0078125,-0.015625,-0.023438,-0.0078125,0.0,-0.0078125,-0.0078125,-0.039063
-0.023438,0.0078125,-0.039063,-0.015625,0.0078125,0.0078125,-0.015625,0.0,-0.046875
-0.0078125,-0.015625,0.0078125,0.03125,-0.10938,0.039063,-0.054688,0.015625,0.0625
0.046875,-0.078125,-0.10156,0.0625,-0.023438,-0.03125,0.015625,0.023438,-0.03125
0.0,0.015625,0.015625,0.023438,0.0078125,-0.0625,-0.10938,0.21094,0.023438
-0.070313,-0.0625,-0.046875,0.023438,-0.10156,0.054688,-0.023438,-0.0625,0.0625
0.0,0.0078125,-0.0078125,-0.015625,-0.039063,0.0078125,-0.023438,-0.03125,-0.03125
-0.039063,-0.0078125,0.0078125,-0.070313,-0.015625,-0.054688,0.046875,0.023438,-0.023438
-0.0078125,-0.070313,0.046875,-0.10938,-0.023438,0.046875,-0.078125,0.078125,-0.023438
0.0,-0.015625,0.0078125,-0.0078125,-0.046875,-0.03125,0.078125,0.078125,0.0625
0.0,0.0,-0.015625,0.0,-0.0078125,-0.023438,0.0,-0.0078125,-0.0078125
0.0,-0.015625,0.0,0.0,-0.0078125,-0.0078125,-0.0078125,-0.0078125,-0.0078125
0.03125,-0.023438,0.054688,0.015625,-0.11719,0.09375,-0.046875,-0.0078125,-0.03125
-0.015625,-0.015625,-0.0078125,0.0078125,-0.023438,-0.015625,-0.015625,-0.0078125,-0.0078125
-0.0078125,0.0,0.0078125,-0.0078125,-0.0078125,-0.0078125,0.0,0.015625,0.039063
0.0,-0.023438,-0.0078125,0.0,-0.023438,-0.023438,-0.0078125,-0.015625,-0.0078125
-0.0078125,-0.015625,0.0078125,0.0,0.070313,-0.10156,0.0,-0.023438,-0.03125
0.0078125,-0.015625,-0.0078125,-0.015625,0.0,0.0,-0.0078125,-0.015625,-0.015625
0.015625,0.03125,-0.15625,0.0,-0.015625,0.0078125,0.039063,-0.023438,-0.023438
-0.0078125,-0.0078125,-0.015625,-0.0078125,-0.023438,-0.0078125,0.0,-0.015625,-0.0078125
-0.015625,0.0,0.0,-0.015625,-0.0078125,-0.0078125,-0.0078125,-0.015625,0.0078125
0.0,-0.015625,-0.015625,-0.015625,-0.0078125,-0.0078125,-0.015625,-0.0078125,-0.015625
0.0,-0.015625,-0.03125,-0.0078125,-0.015625,0.0,0.0078125,-0.0078125,0.0078125
0.0078125,-0.023438,-0.0078125,-0.0078125,-0.015625,0.0078125,-0.0078125,-0.015625,-0.0078125
0.0,0.0,-0.03125,-0.0078125,-0.03125,-0.015625,0.0078125,-0.015625,0.0
0.0,0.0,-0.015625,-0.0078125,0.0,-0.023438,-0.0078125,0.0,-0.015625
-0.0078125,0.0,0.0,0.0,-0.0078125,-0.023438,0.0078125,-0.015625,0.0
0.0,-0.0078125,-0.015625,0.0,-0.023438,-0.023438,0.0,-0.03125,-0.039063
-0.023438,-0.0078125,-0.0078125,0.0,-0.0078125,-0.015625,-0.039063,-0.0078125,-0.0078125
0.0078125,-0.023438,-0.0078125,0.023438,-0.03125,-0.0078125,-0.0078125,0.0,-0.039063
0.0,0.015625,-0.054688,-0.023438,0.070313,-0.03125,-0.039063,0.015625,-0.054688
-0.0078125,-0.0078125,0.0078125,-0.0078125,0.0,-0.0078125,-0.039063,0.0,-0.0078125
0.0078125,-0.023438,-0.039063,0.054688,-0.20313,-0.015625,-0.039063,0.10156,0.054688
0.0,0.015625,-0.023438,-0.0078125,-0.10156,0.0,0.070313,-0.0625,0.070313
-0.023438,-0.015625,-0.015625,-0.0078125,-0.0078125,-0.0078125,-0.015625,0.0,0.0
0.0,0.0,0.0,-0.0078125,-0.0078125,0.0,0.0,0.023438,0.0
-0.0078125,0.0078125,-0.03125,-0.0078125,-0.039063,0.03125,-0.03125,0.03125,-0.046875
0.0,-0.023438,-0.0078125,-0.023438,-0.015625,-0.0078125,-0.015625,0.0078125,-0.023438
-0.0078125,0.0,0.03125,0.03125,-0.0078125,0.03125,-0.015625,-0.046875,0.015625
-0.023438,-0.0078125,-0.0078125,0.0,-0.0078125,-0.0078125,-0.0078125,-0.0078125,0.023438
-0.0078125,-0.023438,-0.015625,-0.0078125,-0.0078125,-0.0078125,-0.0078125,-0.015625,0.0
-0.023438,0.0,0.0078125,0.0,0.0,0.0625,0.039063,-0.21094,0.023438
0.10156,-0.046875,-0.125,-0.0078125,-0.0078125,0.13281,-0.054688,-0.070313,0.023438
0.054688,-0.039063,-0.078125,0.015625,-0.0078125,0.054688,0.0078125,-0.03125,-0.015625
0.0,-0.015625,-0.0078125,0.0,-0.03125,-0.0078125,-0.015625,-0.0078125,-0.0078125
0.039063,0.046875,-0.10938,0.0078125,0.09375,-0.1875,0.046875,0.015625,0.015625
-0.015625,-0.015625,-0.0078125,-0.0078125,-0.023438,-0.023438,0.0,-0.015625,0.0
-0.023438,0.14063,-0.14844,0.054688,0.0,-0.14063,0.03125,0.0625,-0.070313
-0.17969,0.0078125,-0.039063,0.078125,0.03125,-0.22656,0.023438,0.0078125,-0.03125
0.0,0.0,0.039063,-0.0625,-0.023438,0.0078125,0.023438,0.03125,-0.015625
-0.015625,0.078125,-0.10938,-0.10156,0.0,-0.015625,0.078125,0.0,-0.03125
-0.0078125,0.0078125,-0.0078125,-0.015625,0.0,-0.0078125,0.0078125,-0.0078125,-0.015625
0.0,-0.0078125,-0.0078125,-0.0078125,-0.015625,-0.023438,-0.015625,0.0,-0.0078125
-0.0078125,-0.0078125,-0.015625,-0.0078125,-0.023438,0.0,-0.0078125,-0.0078125,0.0078125
-0.0078125,-0.015625,-0.0078125,-0.015625,-0.015625,0.0,0.015625,-0.046875,-0.015625
-0.03125,-0.023438,0.0078125,-0.023438,-0.015625,-0.023438,0.0,-0.0078125,-0.0078125
0.0,-0.03125,-0.015625,-0.015625,0.039063,-0.039063,-0.023438,-0.015625,0.0078125
-0.015625,-0.023438,-0.023438,-0.015625,-0.0078125,0.0,-0.0078125,-0.03125,-0.023438
0.0078125,-0.023438,-0.0078125,0.0,0.0,-0.0078125,-0.015625,0.0078125,-0.0078125
0.0,-0.03125,-0.0078125,0.0,-0.023438,-0.03125,0.03125,0.015625,-0.078125
-0.0078125,-0.0078125,-0.0078125,-0.0078125,-0.015625,0.0,-0.0078125,-0.0078125,-0.015625
-0.0078125,0.0078125,-0.023438,0.0,-0.0078125,0.015625,-0.039063,0.0,-0.015625
-0.015625,0.0078125,0.0,-0.0078125,-0.03125,-0.0078125,-0.0078125,0.0,-0.0078125
0.0,-0.015625,-0.0078125,-0.015625,-0.0078125,-0.015625,-0.0078125,-0.0078125,0.0078125
-0.015625,0.015625,-0.046875,0.0,0.0078125,-0.015625,0.0,-0.023438,-0.03125
-0.015625,-0.015625,0.0078125,0.03125,-0.0078125,-0.023438,-0.023438,-0.015625,0.015625
-0.0078125,-0.0078125,-0.0078125,-0.039063,-0.039063,-0.0078125,0.0,0.0078125,0.0
-0.015625,-0.0078125,0.0,-0.0078125,0.03125,0.0,-0.023438,-0.039063,-0.0078125
-0.023438,0.0078125,0.0078125,0.0,-0.0078125,-0.054688,-0.054688,0.023438,-0.039063
-0.03125,0.015625,-0.015625,-0.015625,-0.039063,-0.023438,0.0,-0.0078125,0.023438
-0.0078125,-0.03125,-0.0078125,0.0,-0.015625,-0.015625,0.0078125,-0.0078125,-0.046875
-0.023438,0.03125,0.0,-0.023438,0.015625,-0.03125,0.0078125,-0.023438,0.0078125
-0.023438,0.0,-0.0078125,-0.0078125,-0.0078125,-0.015625,0.0,0.0078125,-0.015625
0.0,0.0078125,0.0078125,-0.046875,0.0,-0.0078125,0.0078125,-0.03125,0.0078125
0.0,0.0078125,-0.0078125,0.0,-0.0078125,0.023438,0.0625,-0.0078125,-0.0625
-0.015625,0.0078125,-0.023438,-0.039063,0.054688,-0.046875,0.015625,-0.039063,-0.046875
-0.03125,-0.0078125,0.0078125,-0.023438,0.0,-0.0078125,-0.039063,-0.015625,-0.0078125
0.0,0.039063,-0.023438,-0.0078125,0.0078125,-0.0078125,-0.0625,-0.03125,0.0078125
-0.03125,0.023438,-0.0078125,-0.0078125,-0.03125,-0.023438,-0.0078125,0.0,-0.039063
-0.0078125,0.023438,0.0,-0.023438,-0.023438,0.023438,-0.015625,-0.015625,-0.015625
-0.046875,0.039063,0.015625,0.023438,-0.039063,-0.085938,-0.039063,0.039063,-0.015625
-0.015625,0.0,0.015625,-0.03125,-0.03125,-0.0078125,0.015625,-0.023438,0.0
-0.03125,-0.023438,0.0,-0.03125,0.0078125,0.0,-0.054688,0.0,-0.015625
0.0078125,-0.023438,0.0078125,-0.03125,-0.054688,0.046875,0.0078125,-0.03125,-0.023438
