Frequency,Amplitude
0.0,0.010532036539644117
0.27793218454697055,0.0013648988104105289
0.5558643690939411,0.0010814337294234068
0.8337965536409117,0.0006469903176359872
1.1117287381878822,0.0001368360812108338
1.3896609227348526,0.0005432904722147367
1.6675931072818233,0.0019697229010703283
1.945525291828794,0.004515580419397676
2.2234574763757644,0.008480026156590444
2.501389660922735,0.014402678340005142
2.7793218454697053,0.02389707630186902
3.057254030016676,0.03718483354634814
3.3351862145636466,0.06999363411715273
3.613118399110617,0.05328741083791152
3.891050583657588,0.053591331894335806
4.168982768204558,0.06321023793237673
4.446914952751529,0.07109779453887066
4.724847137298499,0.08299356193417158
5.00277932184547,0.08826624230058461
5.28071150639244,0.09307771904430953
5.558643690939411,0.09407402079003145
5.836575875486382,0.08845026033294702
6.114508060033352,0.09919437353370067
6.392440244580323,0.08392529146857779
6.670372429127293,0.022123289859881063
6.948304613674264,0.09187453437753755
7.226236798221234,0.0827193672701389
7.5041689827682045,0.07585501915776564
7.782101167315176,0.0652013379621187
8.060033351862145,0.07270636451656512
8.337965536409117,0.05835547599243563
8.615897720956086,0.06048189665842042
8.893829905503058,0.06131661703461081
9.171762090050029,0.05800488025693146
9.449694274596999,0.05065625581347005
9.72762645914397,0.04305956559485567
10.00555864369094,0.06758963938819744
10.28349082823791,0.04860547543785687
10.56142301278488,0.059120740209914334
10.839355197331852,0.05799937644719726
11.117287381878821,0.05467594350514377
11.395219566425792,0.04317606111188065
11.673151750972764,0.0479383321779134
11.951083935519733,0.04067135915596314
12.229016120066705,0.043426005868036945
12.506948304613674,0.038818918518785675
12.784880489160646,0.04658433501530807
13.062812673707615,0.08793190123871017
13.340744858254586,0.1560443434334886
13.618677042801558,0.05188529031129932
13.896609227348527,0.04905782621974086
14.174541411895499,0.047376856923493714
14.452473596442468,0.06293223611301679
14.73040578098944,0.04979162054982703
15.008337965536409,0.04016137257424755
15.28627015008338,0.03958106139264937
15.564202334630352,0.04045235270653554
15.842134519177321,0.024789310679618867
16.12006670372429,0.08307168997930427
16.397998888271264,0.10226326614367867
16.675931072818234,0.1034390060314489
16.953863257365203,0.10426706470528539
17.231795441912173,0.04145642478809172
17.509727626459146,0.007624390319085199
17.787659811006115,0.023317565085143734
18.065591995553085,0.04161410552870262
18.343524180100058,0.02420353983501555
18.621456364647027,0.032642147445403114
18.899388549193997,0.023414708709536408
19.177320733740967,0.03715078445877769
19.45525291828794,0.052698677864482554
19.73318510283491,0.042403750712669275
20.01111728738188,0.0747310097859396
20.289049471928852,0.060284514959158514
20.56698165647582,0.0715550816675042
20.84491384102279,0.025992936926200024
21.12284602556976,0.022049654880429353
21.400778210116734,0.011362313210754904
21.678710394663703,0.029323616832677157
21.956642579210673,0.019275433361328455
22.234574763757642,0.02263546528546239
22.512506948304615,0.027873916444654975
22.790439132851585,0.03725259078297849
23.068371317398555,0.06102061161808098
23.346303501945528,0.08360768548458417
23.624235686492497,0.033073557565442786
23.902167871039467,0.06721978891749822
24.180100055586436,0.05111773194766394
24.45803224013341,0.04293010785825355
24.73596442468038,0.02793174279093101
25.01389660922735,0.019933927744626535
25.29182879377432,0.020400987220801723
25.56976097832129,0.02809556405957126
25.84769316286826,0.013726775026661565
26.12562534741523,0.07845095452867386
26.403557531962203,0.07588675849334016
26.681489716509173,0.05461715475125168
26.959421901056142,0.06446429318928379
27.237354085603116,0.03809842614029445
27.515286270150085,0.05139941855192125
27.793218454697055,0.036403460845947255
28.071150639244024,0.0446443893136852
28.349082823790997,0.006352968862363914
28.627015008337967,0.016847097487626802
28.904947192884936,0.01655504004614769
29.18287937743191,0.03347108036868162
29.46081156197888,0.07274402123035939
29.73874374652585,0.041108015174204544
30.016675931072818,0.021702475374989188
30.29460811561979,0.04798522385499885
30.57254030016676,0.041065476410495606
30.85047248471373,0.025254814337277668
31.128404669260703,0.015152020799600789
31.406336853807673,0.037205689749875204
31.684269038354643,0.02764562376792589
31.962201222901612,0.009531490799200324
32.24013340744858,0.010053539824795739
32.51806559199555,0.03382627980860121
32.79599777654253,0.03923890671725396
33.0739299610895,0.011959581023951385
33.35186214563647,0.03393620461740809
33.62979433018344,0.014476907581830888
33.907726514730406,0.04198991313998256
34.185658699277376,0.027723732865322426
34.463590883824345,0.004762634443271867
34.74152306837132,0.007783035188629441
35.01945525291829,0.03143090092594431
35.29738743746526,0.01860043558100749
35.57531962201223,0.01191213279435418
35.8532518065592,0.012168729004950536
36.13118399110617,0.03566031987059731
36.40911617565314,0.027145541930416277
36.687048360200116,0.03062179351709616
36.964980544747085,0.023589323477949443
37.242912729294055,0.02287000505474953
37.520844913841024,0.04039346719554162
37.798777098387994,0.01375553909035098
38.076709282934964,0.01253215076973326
38.35464146748193,0.012629795709195493
38.63257365202891,0.02406194812285482
38.91050583657588,0.015827416278268527
39.18843802112285,0.019945474773846006
39.46637020566982,0.03887804300606192
39.74430239021679,0.023465646638942208
40.02223457476376,0.012069706069738447
40.30016675931073,0.02845833081580783
40.578098943857704,0.004210118298974152
40.85603112840467,0.02742064370279797
41.13396331295164,0.019129944879165448
41.41189549749861,0.017019714008955043
41.68982768204558,0.004990310293999743
41.96775986659255,0.013474613173294544
42.24569205113952,0.015032908657108586
42.5236242356865,0.0244658337187364
42.80155642023347,0.023370496494049528
43.07948860478044,0.011729057063272149
43.357420789327406,0.006740825317455803
43.635352973874376,0.012814115776421834
43.913285158421345,0.01115781111488612
44.191217342968315,0.006645998219244689
44.469149527515285,0.015230496972995628
44.74708171206226,0.01216834294700453
45.02501389660923,0.014175407251834846
45.3029460811562,0.00451897821341248
45.58087826570317,0.011886963772601159
45.85881045025014,0.01601300620795503
46.13674263479711,0.005357393016020226
46.41467481934408,0.00805034089273349
46.692607003891055,0.012716753071486406
46.970539188438025,0.005549928719292156
47.248471372984994,0.014189279985045116
47.526403557531964,0.008008069748008924
47.80433574207893,0.010090739949495197
48.0822679266259,0.011793967374752374
48.36020011117287,0.01557501750882265
48.63813229571985,0.011799113543907393
48.91606448026682,0.00870699274964531
49.19399666481379,0.004407068590150814
49.47192884936076,0.009396766093571733
49.74986103390773,0.011416456128310893
50.0277932184547,0.012517001145561632
50.30572540300167,0.012430368685953394
50.58365758754864,0.00993665281657698
50.86158977209561,0.013814644287406787
51.13952195664258,0.008765487194563083
51.41745414118955,0.012261797482028073
51.69538632573652,0.011270840288039347
51.97331851028349,0.012965571335274236
52.25125069483046,0.006451619873216631
52.52918287937744,0.00740536390970785
52.80711506392441,0.013808680070145735
53.085047248471376,0.011999319966947792
53.362979433018346,0.011877571172316003
53.640911617565315,0.013127309887941018
53.918843802112285,0.008227205027585786
54.196775986659254,0.012778491150073037
54.47470817120623,0.010129145491218431
54.7526403557532,0.009509365991944631
55.03057254030017,0.007974902886193333
55.30850472484714,0.009703252551867898
55.58643690939411,0.010892599528221
55.86436909394108,0.012729191100002844
56.14230127848805,0.010372765415137649
56.420233463035025,0.009831780999591637
56.698165647581995,0.009130582580885048
56.976097832128964,0.009576656285704645
57.254030016675934,0.010235266294935458
57.5319622012229,0.008049646034521768
57.80989438576987,0.010279013608957402
58.08782657031684,0.008196470424277168
58.36575875486382,0.009016089794991118
58.64369093941079,0.008461184381420067
58.92162312395776,0.01173461496289031
59.19955530850473,0.009599463726298973
59.4774874930517,0.007552917191990225
59.75541967759867,0.008391254775265084
60.033351862145636,0.008244830841843942
60.31128404669261,0.007764376561367526
60.58921623123958,0.008991870144187418
60.86714841578655,0.008587170646391253
61.14508060033352,0.008275585289470526
61.42301278488049,0.008882046496615814
61.70094496942746,0.008330087640815866
61.97887715397443,0.009139211172875075
62.25680933852141,0.007046840017894787
62.53474152306838,0.007500800862456472
62.812673707615346,0.00933878612087472
63.090605892162316,0.007789888560767712
63.368538076709285,0.00804443886889277
63.646470261256255,0.008498170445787778
63.924402445803224,0.007508985399645176
64.2023346303502,0.009257982211445448
64.48026681489716,0.008274913424263444
64.75819899944413,0.00883136405547164
65.0361311839911,0.008782680362921834
65.31406336853809,0.008450884832031607
65.59199555308506,0.006806167426845768
65.86992773763203,0.008422315117682513
66.147859922179,0.008514001117356921
66.42579210672596,0.008657559018263428
66.70372429127293,0.008243018848686114
66.9816564758199,0.008388558426234495
67.25958866036687,0.007907991715086493
67.53752084491384,0.007602452238121063
67.81545302946081,0.008489268668395973
68.09338521400778,0.007591601943696219
68.37131739855475,0.007885184709619762
68.64924958310172,0.007269532886889561
68.92718176764869,0.008754660917282251
69.20511395219567,0.00787925481337626
69.48304613674264,0.007208012865718367
69.76097832128961,0.007782671048086918
70.03891050583658,0.0077083890296449405
70.31684269038355,0.007656564389362691
70.59477487493052,0.007886781858686825
70.87270705947749,0.0072320735061847784
71.15063924402446,0.007309070268874272
71.42857142857143,0.007378028120149878
71.7065036131184,0.007298385777994328
71.98443579766537,0.007520717272071366
72.26236798221234,0.007379624186057068
72.54030016675931,0.007364813149759818
72.81823235130628,0.007459984078836041
73.09616453585325,0.00687326494257053
73.37409672040023,0.00707501983381886
73.6520289049472,0.007204906426286271
73.92996108949417,0.007142529292691805
74.20789327404114,0.007367908749987182
74.48582545858811,0.0067845800433218775
74.76375764313508,0.007122593783791012
75.04168982768205,0.007100282045680494
75.31962201222902,0.007202243769579086
75.59755419677599,0.00642723677124666
75.87548638132296,0.007162089032003877
76.15341856586993,0.007178046568019325
76.4313507504169,0.006997906062970269
76.70928293496387,0.006778044890891299
76.98721511951084,0.006880602358342329
77.26514730405782,0.0066937990547741525
77.54307948860479,0.006949350840177985
77.82101167315176,0.007151352206003801
78.09894385769873,0.006882861888600719
78.3768760422457,0.006920702988931162
78.65480822679267,0.006654052771222731
78.93274041133964,0.006955013965112802
79.2106725958866,0.006810619206490296
79.48860478043358,0.006695881861281963
79.76653696498055,0.006843823008218066
80.04446914952752,0.006576521457295511
80.32240133407448,0.00657331211968176
80.60033351862145,0.0066479611747737085
80.87826570316842,0.0065827222121718045
81.15619788771541,0.0068004803525735435
81.43413007226238,0.006568596852553197
81.71206225680935,0.006485436592985183
81.98999444135632,0.006474548320478986
82.26792662590329,0.006600104985113111
82.54585881045026,0.006276727215536695
82.82379099499722,0.006288726268164888
83.1017231795442,0.006381894396744711
83.37965536409116,0.006581808109282159
83.65758754863813,0.0063496506716860576
83.9355197331851,0.006437130866819392
84.21345191773207,0.006418940259667098
84.49138410227904,0.006314782422906737
84.76931628682601,0.006321316840007777
85.047248471373,0.006231597966181941
85.32518065591997,0.00626732809955721
85.60311284046693,0.006111521054235798
85.8810450250139,0.006177077359283005
86.15897720956087,0.006150554034752113
86.43690939410784,0.006104861237870064
86.71484157865481,0.006187730903745227
86.99277376320178,0.00619336409169223
87.27070594774875,0.006124905347340483
87.54863813229572,0.006117665924538452
87.82657031684269,0.00599077700328805
88.10450250138966,0.005992314289443739
88.38243468593663,0.00599633117484555
88.6603668704836,0.0059764729270705376
88.93829905503057,0.005946014492614765
89.21623123957755,0.006026190525121689
89.49416342412452,0.005999499632229827
89.77209560867149,0.005996324557326333
90.05002779321846,0.005961892424689654
90.32795997776543,0.005948033451836205
90.6058921623124,0.005855762236416242
90.88382434685937,0.0058335311391819735
91.16175653140634,0.005834243701450938
91.43968871595331,0.005807553487199066
91.71762090050028,0.005836628192064408
91.99555308504725,0.005804335379106585
92.27348526959422,0.005891587419881564
92.55141745414119,0.005825342918107787
92.82934963868816,0.005807522344974258
93.10728182323514,0.005775843415264408
93.38521400778211,0.0056715204474114015
93.66314619232908,0.005627274528313044
93.94107837687605,0.005660879351478434
94.21901056142302,0.0056683505744546244
94.49694274596999,0.005699019032844648
94.77487493051696,0.0056594310023488584
95.05280711506393,0.005655732920671472
95.3307392996109,0.005679212323139104
95.60867148415787,0.0056683997288577825
95.88660366870484,0.005574205292962012
96.1645358532518,0.005548686240224007
96.44246803779878,0.005506418452648459
96.72040022234575,0.005500603253904871
96.99833240689273,0.005480105469428952
97.2762645914397,0.00552474784093002
97.55419677598667,0.0055222607390924185
97.83212896053364,0.00551526866185374
98.1100611450806,0.005509171023281912
98.38799332962758,0.005467013599602771
98.66592551417455,0.005444832589907389
98.94385769872152,0.005355232131871687
99.22178988326849,0.00535488504757284
99.49972206781545,0.005323285575635646
99.77765425236242,0.005339548058474556
100.0555864369094,0.005379292142889344
100.33351862145636,0.005376605416743257
100.61145080600333,0.005367801622852341
100.88938299055032,0.005360799663121412
101.16731517509729,0.005310461658218726
101.44524735964426,0.005283654091582293
101.72317954419123,0.00524552515103066
102.0011117287382,0.005187435523834577
102.27904391328516,0.005176408989135139
102.55697609783213,0.0052030623059316685
102.8349082823791,0.005225814422961409
103.11284046692607,0.0052428950133849555
103.39077265147304,0.005238195243768152
103.66870483602001,0.005232586840668982
103.94663702056698,0.005180005417378964
104.22456920511395,0.005131856491348921
104.50250138966092,0.005096157086548438
104.7804335742079,0.005068081305749059
105.05836575875487,0.005065798546567859
105.33629794330184,0.005068851618066375
105.61423012784881,0.005108331229512929
105.89216231239578,0.005107145924005033
106.17009449694275,0.005119470438859966
106.44802668148972,0.005089531182627653
106.72595886603669,0.005045550096544217
107.00389105058366,0.005003154841063753
107.28182323513063,0.004975051352430003
107.5597554196776,0.004941523443746131
107.83768760422457,0.004941038897264787
108.11561978877154,0.004951207464931948
108.39355197331851,0.004975659558803546
108.67148415786548,0.004999339575537422
108.94941634241246,0.004987843066496768
109.22734852695943,0.004966212220461412
109.5052807115064,0.004924359802516269
109.78321289605337,0.004881197634239498
110.06114508060034,0.004843682154563961
110.33907726514731,0.004820814318650184
110.61700944969428,0.004831528096949375
110.89494163424125,0.004843726810318908
111.17287381878822,0.004854195614840552
111.45080600333519,0.004868075897225016
111.72873818788216,0.004867737426342941
112.00667037242913,0.0048478411000861645
112.2846025569761,0.004804458765951098
112.56253474152307,0.00476592116817006
112.84046692607005,0.004725442345750568
113.11839911061702,0.0047091257121895875
113.39633129516399,0.004711855168076802
113.67426347971096,0.004729125481880319
113.95219566425793,0.004743376265825538
114.2301278488049,0.0047581050974161545
114.50806003335187,0.004752449664100747
114.78599221789884,0.00472996651645841
115.0639244024458,0.004689389908456614
115.34185658699278,0.004644370389880584
115.61978877153975,0.004616639081770108
115.89772095608672,0.004600621494312583
116.17565314063368,0.0046072091449189286
116.45358532518065,0.004622195512722816
116.73151750972764,0.004642173567138352
117.00944969427461,0.004652604606840025
117.28738187882158,0.004642037979560585
117.56531406336855,0.004616344440435616
117.84324624791552,0.004581330738605753
118.12117843246249,0.004541037358329285
118.39911061700946,0.004511016713289324
118.67704280155642,0.00449769627252353
118.9549749861034,0.004504510560357074
119.23290717065036,0.004522020967379391
119.51083935519733,0.004543274445404278
119.7887715397443,0.004551532425509859
120.06670372429127,0.004540236375518597
120.34463590883824,0.004515064885210417
120.62256809338523,0.004481436264554465
120.9005002779322,0.004441398975194782
121.17843246247917,0.004412292163035143
121.45636464702613,0.004401493713738193
121.7342968315731,0.004409852314287405
122.01222901612007,0.004428878334895489
122.29016120066704,0.0044459602397093545
122.56809338521401,0.004454718955952972
122.84602556976098,0.004443340438289534
123.12395775430795,0.004417240361087279
123.40188993885492,0.004379699286859392
123.67982212340189,0.004342582045438909
123.95775430794886,0.004317301111285013
124.23568649249583,0.0043099168897631395
124.51361867704281,0.004317435210975405
124.79155086158978,0.004337012864878411
125.06948304613675,0.00435490493995019
125.34741523068372,0.004361552296298894
125.62534741523069,0.004349846793676837
125.90327959977766,0.00432191968276232
126.18121178432463,0.004284612615133949
126.4591439688716,0.0042492499344194325
126.73707615341857,0.004226136437896605
127.01500833796554,0.0042202707178651145
127.29294052251251,0.004229816618937833
127.57087270705948,0.004249568896228693
127.84880489160645,0.004266572023595571
128.12673707615343,0.004271356507610352
128.4046692607004,0.004258799225871312
128.68260144524737,0.004230616869196177
128.96053362979433,0.004195067441523287
129.2384658143413,0.004161168664982053
129.51639799888827,0.004140557722120914
129.79433018343525,0.004136440875814935
130.0722623679822,0.004148435415201045
130.3501945525292,0.004166802474008357
130.62812673707617,0.004181791944976955
130.90605892162313,0.004185189411004382
131.1839911061701,0.004172876262982609
131.46192329071707,0.004143923113181889
131.73985547526405,0.004108546223830453
132.017787659811,0.004077168696935256
132.295719844358,0.004058260078169364
132.57365202890495,0.004056174809281466
132.85158421345193,0.004068208779704713
133.12951639799888,0.004087029158880658
133.40744858254587,0.004101950901690735
133.68538076709282,0.0041040308735193765
133.9633129516398,0.004089931127537614
134.24124513618676,0.0040612264201913845
134.51917732073375,0.0040264093278885174
134.79710950528073,0.003995832336384109
135.07504168982769,0.003978771618880858
135.35297387437467,0.00397847377493346
135.63090605892162,0.003991903616831368
135.9088382434686,0.004011238652585515
136.18677042801556,0.00402478854392746
136.46470261256255,0.004025604938504165
136.7426347971095,0.004009992269981354
137.0205669816565,0.003981359446829886
137.29849916620344,0.0039479776952489505
137.57643135075043,0.003919117438586423
137.85436353529738,0.003903402897282852
138.13229571984436,0.0039048823574796354
138.41022790439135,0.003919141964572399
138.6881600889383,0.003937764232925566
138.9660922734853,0.003950649579260374
139.24402445803224,0.003950096521682211
139.52195664257923,0.003933773010288773
139.79988882712618,0.0039050509026971347
140.07782101167317,0.0038725212486297937
140.35575319622012,0.003845211449544453
140.6336853807671,0.0038314567911321897
140.91161756531406,0.0038341049677615494
141.18954974986104,0.0038490529488404627
141.467481934408,0.0038672065967077563
141.74541411895498,0.003879054343245948
142.02334630350194,0.003877684938750863
142.30127848804892,0.0038606465594081315
142.5792106725959,0.003831836625112812
142.85714285714286,0.003799776460757335
143.13507504168984,0.0037742478011499815
143.4130072262368,0.0037624974977521525
143.69093941078378,0.003766329067468313
143.96887159533074,0.0037816410195157016
144.24680377987772,0.0037994371201499565
144.52473596442468,0.0038105590131607887
144.80266814897166,0.0038080305370151164
145.08060033351862,0.003790338902447117
145.3585325180656,0.0037613802580909904
145.63646470261256,0.0037301858518040414
145.91439688715954,0.0037063159321406107
146.1923290717065,0.003696350481319128
146.47026125625348,0.003701618108085976
146.74819344080046,0.003717134769472637
147.02612562534742,0.003734717956329059
147.3040578098944,0.0037447756713099257
147.58198999444136,0.0037410095934611635
147.85992217898834,0.003722445265197077
148.1378543635353,0.0036938546142674072
148.41578654808228,0.0036636950278072277
148.69371873262924,0.0036412138827916695
148.97165091717622,0.0036326896429559915
149.24958310172318,0.003639082757153061
149.52751528627016,0.003655300764049763
149.8054474708171,0.003672308247310721
150.0833796553641,0.00368131852136468
150.36131183991108,0.003676358494486608
150.63924402445804,0.003657250925264626
150.91717620900502,0.0036287897311486723
151.19510839355198,0.0035995739343298496
151.47304057809896,0.0035786313621293904
151.75097276264592,0.0035717588954413044
152.0289049471929,0.0035791891228807433
152.30683713173985,0.0035955584171458656
152.58476931628684,0.003612043332777896
152.8627015008338,0.0036198939088328327
153.14063368538078,0.0036139654527586294
153.41856586992773,0.0035943425291061447
153.69649805447472,0.0035661245040971264
153.97443023902167,0.00353788194711681
154.25236242356866,0.0035183339088212594
154.53029460811564,0.003513042562823254
154.8082267926626,0.0035215249541526643
155.08615897720958,0.00353816529667863
155.36409116175653,0.003554023153103552
155.64202334630352,0.0035609741662993135
155.91995553085047,0.003554107029854946
156.19788771539746,0.0035338113327804824
156.4758198999444,0.003505853607661455
156.7537520844914,0.003478681246546654
157.03168426903835,0.0034607132918476257
157.30961645358533,0.003456762274125045
157.5875486381323,0.003466173439831927
157.86548082267927,0.0034828715327656023
158.14341300722626,0.0034981983245191603
158.4213451917732,0.003504069018702365
158.6992773763202,0.0034962041453203674
158.97720956086715,0.0034754939860403
159.25514174541414,0.0034477663061752376
159.5330739299611,0.0034216220416831864
159.81100611450807,0.003405069368367781
160.08893829905503,0.0034025394406160124
160.366870483602,0.0034127766699001564
160.64480266814897,0.003429605761886462
160.92273485269595,0.003444272412008714
161.2006670372429,0.0034491306688281312
161.4785992217899,0.0034402750966033174
161.75653140633685,0.003419128945350429
162.03446359088383,0.0033917583764609812
162.31239577543082,0.0033666500290662534
162.59032795997777,0.003351593197880691
162.86826014452475,0.00335039895503886
163.1461923290717,0.0033613888077920133
163.4241245136187,0.0033781890780178844
163.70205669816565,0.0033921376017167493
163.97998888271263,0.003395953176630926
164.2579210672596,0.0033862394512446403
164.53585325180657,0.003364791522585524
164.81378543635353,0.0033378079448810717
165.0917176209005,0.003313772894262409
165.36964980544747,0.00330007829084187
165.64758198999445,0.003300136565691872
165.9255141745414,0.0033118655232818868
166.2034463590884,0.003328591438756358
166.48137854363537,0.003341875275499545
166.75931072818233,0.0033446617195911762
167.0372429127293,0.003334064196405179
167.31517509727627,0.0033122560489559547
167.59310728182325,0.003285680464660201
167.8710394663702,0.0032627433211001537
168.1489716509172,0.0032504488732068913
168.42690383546415,0.003251751336611665
168.70483602001113,0.003264145999451973
168.98276820455808,0.0032807508953480806
169.26070038910507,0.0032932140767696896
169.53863257365202,0.003294984014961956
169.816564758199,0.003283585352232731
170.094496942746,0.003261489126852826
170.37242912729295,0.0032354030638406246
170.65036131183993,0.0032135628034992187
170.92829349638689,0.003202669551452366
171.20622568093387,0.0032051316953846196
171.48415786548082,0.0032180685175111317
171.7620900500278,0.00323445214239168
172.04002223457476,0.00324616740117671
172.31795441912175,0.003246951133840269
172.5958866036687,0.003234759167072001
172.8738187882157,0.0032124725790920964
173.15175097276264,0.003186884819434265
173.42968315730963,0.003166151117942176
173.70761534185658,0.0031565849036324658
173.98554752640356,0.003160150399598773
174.26347971095055,0.0031735775429989166
174.5414118954975,0.0031897554316803736
174.8193440800445,0.00320064735195413
175.09727626459144,0.0032004315754788296
175.37520844913843,0.0031874894749323356
175.65314063368538,0.003165056690888926
175.93107281823237,0.003140023211593366
176.20900500277932,0.0031204087458870087
176.4869371873263,0.003112146807538872
176.76486937187326,0.003116759884789945
177.04280155642024,0.00313058685438148
177.3207337409672,0.003146466326610384
177.59866592551418,0.0031565637621162553
177.87659811006114,0.003155366795811607
178.15453029460812,0.00314170362971974
178.4324624791551,0.0031191646811639063
178.71039466370206,0.003094730937796855
178.98832684824905,0.003076244445921602
179.266259032796,0.0030692744129394204
179.54419121734298,0.003074867569556213
179.82212340188994,0.0030890667108713376
180.10005558643692,0.0031045976978860247
180.37798777098388,0.0031138512655347547
180.65591995553086,0.003111680115546414
180.93385214007782,0.003097369024310877
181.2117843246248,0.0030747607124767566
181.48971650917176,0.00305096046156864
181.76764869371874,0.0030336011852746037
182.04558087826572,0.003027875108235717
182.32351306281268,0.0030343872336722135
182.60144524735966,0.003048883573997528
182.87937743190662,0.003064046086436901
183.1573096164536,0.003072440473297593
183.43524180100056,0.0030693371062631356
183.71317398554754,0.003054397392731353
183.9911061700945,0.0030317915629602663
184.26903835464148,0.0030086408736031177
184.54697053918844,0.002992409073721065
184.82490272373542,0.0029879136435812543
185.10283490828238,0.002995302024522208
185.38076709282936,0.003010029543495925
185.65869927737631,0.0030247600516197007
185.9366314619233,0.003032281247015355
186.21456364647028,0.003028262869333014
186.49249583101724,0.003012752558618277
186.77042801556422,0.0029901796551481375
187.04836020011118,0.0029677158298631336
187.32629238465816,0.002952623308581765
187.60422456920512,0.0029493113727697058
187.8821567537521,0.002957508424697639
188.16008893829905,0.0029724087167548176
188.43802112284604,0.002986664815629269
188.715953307393,0.002993315670015791
188.99388549193998,0.0029883985223031397
189.27181767648693,0.0029723583791691818
189.54974986103392,0.002949861748976304
189.8276820455809,0.002928124846914047
190.10561423012786,0.002914171571143181
190.38354641467484,0.002912001725946526
190.6614785992218,0.002920949921808697
190.93941078376878,0.0029359661931361893
191.21734296831573,0.002949711104300057
191.49527515286272,0.002955482127670788
191.77320733740967,0.0029496969965472387
192.05113952195666,0.0029331710616030396
192.3290717065036,0.0029108070451708606
192.6070038910506,0.0028898224337302186
192.88493607559755,0.0028769937242406375
193.16286826014453,0.002875937720374368
193.4408004446915,0.0028855900132608377
193.71873262923847,0.0029006683992431133
193.99666481378546,0.0029138653644736304
194.2745969983324,0.002918751837504145
194.5525291828794,0.002912114800502738
194.83046136742635,0.0028951464720735256
195.10839355197334,0.002872954120214957
195.3863257365203,0.0028527472288865413
195.66425792106727,0.002841045457112698
195.94219010561423,0.0028410634355483704
196.2201222901612,0.002851350064151841
196.49805447470817,0.002866428809920164
196.77598665925515,0.0028790565530909464
197.0539188438021,0.0028830543529364755
197.3318510283491,0.002875602066227731
197.60978321289605,0.0028582351574856354
197.88771539744303,0.0028362669749893024
198.16564758199002,0.0028168561788608788
198.44357976653697,0.0028062704526849937
198.72151195108395,0.0028073279147262566
198.9994441356309,0.0028182015085448132
199.2773763201779,0.0028332298261888474
199.55530850472485,0.002845246389494263
199.83324068927183,0.0028483560145085686
200.1111728738188,0.002840121484838844
200.38910505836577,0.0028223997397202345
200.66703724291273,0.002800690307732036
200.9449694274597,0.0027821075372716805
201.22290161200667,0.0027726309480604213
201.50083379655365,0.0027746777884140824
201.77876598110063,0.002786079516486659
202.0566981656476,0.0028010101696357616
202.33463035019457,0.002812390200934509
202.61256253474153,0.002814617441498897
202.8904947192885,0.0028056262632407307
203.16842690383547,0.0027875991523562803
203.44635908838245,0.002766195867305655
203.7242912729294,0.0027484545609876144
204.0022234574764,0.00274007276973133
204.28015564202335,0.0027430742963195933
204.55808782657033,0.0027549459255229664
204.83602001111728,0.002769733214230518
205.11395219566427,0.002780451221727754
205.39188438021122,0.002781799908834321
205.6698165647582,0.0027720816442478383
205.9477487493052,0.0027537948659732523
206.22568093385215,0.0027327339132558843
206.50361311839913,0.002715855311714198
206.78154530294609,0.0027085599138365222
207.05947748749307,0.0027124710752643483
207.33740967204002,0.002724761456147043
207.615341856587,0.0027393513397741443
207.89327404113396,0.002749386323131237
208.17120622568095,0.0027498648852805866
208.4491384102279,0.00273945549476876
208.7270705947749,0.002720951461504533
209.00500277932184,0.002700273162718775
209.28293496386883,0.0026842726891340637
209.5608671484158,0.002678042146161622
209.83879933296276,0.0026828222914817472
210.11673151750975,0.0026954779386905874
210.3946637020567,0.0027098290694031343
210.6725958866037,0.002719160760691684
210.95052807115064,0.0027187782017055427
211.22846025569763,0.002707710425377802
211.50639244024458,0.0026890347803943094
211.78432462479157,0.00266877800375547
212.06225680933852,0.002653670187096336
212.3401889938855,0.002648491737020521
212.61812117843246,0.002654096252283496
212.89605336297944,0.002667061765637831
213.1739855475264,0.0026811309814895427
213.45191773207338,0.0026897417915239565
213.72984991662037,0.0026885095817998595
214.00778210116732,0.002676816228396277
214.2857142857143,0.002658013655267627
214.56364647026126,0.0026382156379387367
214.84157865480825,0.0026240119980081803
215.1195108393552,0.0026198633659801325
215.39744302390218,0.002626249701459054
215.67537520844914,0.0026394738514516616
215.95330739299612,0.0026532208414032643
216.23123957754308,0.0026610924728654385
216.50917176209006,0.0026590246679104495
216.78710394663702,0.0026467456168378476
217.065036131184,0.0026278600065109082
217.34296831573096,0.00260855220316942
217.62090050027794,0.0025952635841932255
217.89883268482492,0.0025921239180267375
218.17676486937188,0.0025992475062635175
218.45469705391886,0.0026126810495905426
218.73262923846582,0.0026260676243037326
219.0105614230128,0.0026331877908462625
219.28849360755976,0.00263029855258781
219.56642579210674,0.0026174683276603736
219.8443579766537,0.002598544012265484
220.12229016120068,0.0025797611351680767
220.40022234574764,0.002567393158156497
220.67815453029462,0.0025652418115803175
220.95608671484158,0.002573057973034257
221.23401889938856,0.0025866488638657975
221.51195108393554,0.0025996367972430435
221.7898832684825,0.0026059953546131434
222.06781545302948,0.002602303914120169
222.34574763757644,0.0025889596095440615
222.62367982212342,0.0025700379585044232
222.90161200667038,0.0025518102309572783
223.17954419121736,0.0025403704131528853
223.45747637576432,0.002539183790396862
223.7354085603113,0.0025476465555170774
224.01334074485825,0.0025613460764542023
224.29127292940524,0.002573901932935417
224.5692051139522,0.0025794902098254914
224.84713729849918,0.0025750115356699787
225.12506948304613,0.002561192046024578
225.40300166759312,0.002542317199060675
225.6809338521401,0.002524676017082651
225.95886603668706,0.0025141667487902056
226.23679822123404,0.0025139184045214016
226.514730405781,0.002522982035043333
226.79266259032798,0.0025367425084304646
227.07059477487493,0.0025488338734149774
227.34852695942192,0.002553644410791387
227.62645914396887,0.002548401221851849
227.90439132851586,0.002534144748285605
228.1823235130628,0.0025153577312253417
228.4602556976098,0.0024983302838185464
228.73818788215675,0.002488753545215615
229.01612006670373,0.002489416670337029
229.29405225125072,0.0024990362573401245
229.57198443579767,0.002512811396082998
229.84991662034466,0.0025244064586072757
230.1278488048916,0.0025284357997894867
230.4057809894386,0.002522448608688247
230.68371317398555,0.0025077938864815964
230.96164535853254,0.0024891356313970978
231.2395775430795,0.002472748448903221
231.51750972762648,0.0024641038842971347
231.79544191217343,0.002465649648555853
232.0733740967204,0.0024757796539529157
232.35130628126737,0.0024895234104797665
232.62923846581435,0.0025005946912081164
232.9071706503613,0.002503840094233095
233.1851028349083,0.002497132932515135
233.46303501945528,0.0024821190821287193
233.74096720400223,0.0024636294115468996
234.01889938854922,0.0024479064579108175
234.29683157309617,0.002440192164440771
234.57476375764315,0.0024425911192164267
234.8526959421901,0.002453185327479538
235.1306281267371,0.002466854376262708
235.40856031128405,0.0024773747968846686
235.68649249583103,0.0024798358170605157
235.964424680378,0.0024724326779576034
236.24235686492497,0.002457100237007947
236.52028904947193,0.002438818496665925
236.7982212340189,0.002423782082794423
237.07615341856587,0.00241699371442549
237.35408560311285,0.002420214663567252
237.63201778765983,0.0024312275423671774
237.9099499722068,0.0024447784480629738
238.18788215675377,0.0024547242146201794
238.46581434130073,0.002456402893808802
238.7437465258477,0.002448330094452588
239.02167871039467,0.002432718128442787
239.29961089494165,0.0024146823454058073
239.5775430794886,0.002400353724604545
239.8554752640356,0.0023944844124157406
240.13340744858255,0.0023984953517193447
240.41133963312953,0.002409881763571672
240.68927181767648,0.002423273314429962
240.96720400222347,0.0024326221246450106
241.24513618677045,0.002433521839706401
241.5230683713174,0.0024248064243397927
241.8010005558644,0.0024089546156088903
242.07893274041135,0.002391202523349725
242.35686492495833,0.0023776004723205096
242.63479710950529,0.0023726418426604085
242.91272929405227,0.0023774097001250847
243.19066147859922,0.0023891234318696064
243.4685936631462,0.0024023163185972864
243.74652584769316,0.002411047915100185
244.02445803224015,0.0024111742104958836
244.3023902167871,0.002401844364206853
244.5803224013341,0.0023857930286372564
244.85825458588104,0.0023683598038717613
245.13618677042803,0.0023555015470906188
245.414118954975,0.002351443701401182
245.69205113952196,0.0023569342825553595
245.96998332406895,0.00236893104417363
246.2479155086159,0.0023818862558413127
246.5258476931629,0.002389982162403393
246.80377987770984,0.0023893430701892125
247.08171206225683,0.0023794280812315036
247.35964424680378,0.002363216623879153
247.63757643135077,0.0023461376756194387
247.91550861589772,0.00233403801508027
248.1934408004447,0.00233086919563641
248.47137298499166,0.0023370470110457755
248.74930516953864,0.0023492823424569372
249.02723735408563,0.0023619630177504464
249.30516953863258,0.00236940732015447
249.58310172317957,0.002368011538805383
249.86103390772652,0.0023575420297416863
250.1389660922735,0.00234121070358973
250.41689827682046,0.002324519133800152
250.69483046136745,0.0023131914615584044
250.9727626459144,0.0023108974826454515
251.25069483046138,0.002317726929340176
251.52862701500834,0.002330156547242039
251.80655919955532,0.002342527591965562
252.08449138410228,0.0023493060324619153
252.36242356864926,0.002347164796295569
252.64035575319622,0.0023361719021649406
252.9182879377432,0.0023197598166991686
253.19622012229019,0.002303487885962887
253.47415230683714,0.002292943400225712
253.75208449138412,0.0022915092790866307
254.03001667593108,0.00229895359744699
254.30794886047806,0.0023115340517073776
254.58588104502502,0.0023235615627455516
254.863813229572,0.0023296620544609424
255.14174541411896,0.002326788052489665
255.41967759866594,0.002315303762930895
255.6976097832129,0.0022988502521300034
255.97554196775988,0.0022830289610185706
256.25347415230686,0.0022732771044874037
256.5314063368538,0.0022726853303722434
256.8093385214008,0.002280707171153988
257.0872707059478,0.0022933955905347007
257.36520289049474,0.0023050476319637736
257.6431350750417,0.00231045990679048
257.92106725958865,0.0023068675479580927
258.19899944413567,0.002294924688998884
258.4769316286826,0.0022784685666339833
258.7548638132296,0.00226312752775855
259.03279599777653,0.0022541755285822355
259.31072818232354,0.0022544074720575176
259.5886603668705,0.0022629688201050054
259.86659255141745,0.002275723116540289
260.1445247359644,0.002286969244733
260.4224569205114,0.002291685128008164
260.7003891050584,0.0022873901677975847
260.97832128960533,0.0022750223331630187
261.25625347415235,0.002258602076480006
261.5341856586993,0.002243769145791683
261.81211784324626,0.002235622605794453
262.0900500277932,0.0022366579662504507
262.3679822123402,0.0022457204053467094
262.6459143968872,0.00225849924371281
262.92384658143413,0.002269310749778866
263.2017787659811,0.0022733239544388967
263.4797109505281,0.002268343660561299
263.75764313507506,0.002255585068586295
264.035575319622,0.002239238655336603
264.31350750416897,0.0022249401416356953
264.591439688716,0.002217602639774468
264.86937187326293,0.0022194197412720184
265.1473040578099,0.0022289443538227277
265.4252362423569,0.0022417072464704824
265.70316842690386,0.00225205708077168
265.9811006114508,0.0022553631023667915
266.25903279599777,0.002249716599964865
266.5369649805448,0.0022366019541578907
266.81489716509174,0.0022203664074213563
267.0928293496387,0.002206627492507777
267.37076153418565,0.0022001006659023584
267.64869371873266,0.0022026759810170925
267.9266259032796,0.0022126238863556026
268.20455808782657,0.0022253312511454878
268.4824902723735,0.0022351941762517205
268.76042245692054,0.0022377904964684748
269.0383546414675,0.0022314978846992837
269.31628682601445,0.002218062193994192
269.59421901056146,0.002201974212889363
269.8721511951084,0.0021888182229976
270.15008337965537,0.002183101843812745
270.4280155642023,0.0021864109813192717
270.70594774874934,0.0021967426614561336
270.9838799332963,0.0022093558614101295
271.26181211784325,0.002218708307598015
271.5397443023902,0.002220594407225546
271.8176764869372,0.0022136772057056143
272.0956086714842,0.002199955936310647
272.3735408560311,0.002184051493411385
272.6514730405781,0.0021715000691303627
272.9294052251251,0.0021665920803579427
273.20733740967205,0.0021706090837708913
273.485269594219,0.002181285095642983
273.763201778766,0.0021937666612804113
274.041133963313,0.002202586827297118
274.3190661478599,0.0022037636514884505
274.5969983324069,0.002196244793640329
274.8749305169539,0.002182273846805978
275.15286270150085,0.002166587849174294
275.4307948860478,0.0021546610550819186
275.70872707059476,0.0021505574751487866
275.9866592551418,0.002155255245849724
276.26459143968873,0.002166236153165444
276.5425236242357,0.002178549581281369
276.8204558087827,0.002186817471951624
277.09838799332965,0.0021872879450281317
277.3763201778766,0.0021791914323960574
277.65425236242356,0.002165006687951195
277.9321845469706,0.0021495733553554184
278.21011673151753,0.002138289623623304
278.4880489160645,0.0021349847017396993
278.76598110061144,0.0021403350078019385
279.04391328515845,0.0021515812522916395
279.3218454697054,0.002163691311718742
279.59977765425236,0.002171388611738677
279.8777098387993,0.0021711574532309093
280.15564202334633,0.0021625083840468066
280.4335742078933,0.002148146026485189
280.71150639244024,0.002132998543166242
280.98943857698725,0.0021223744980564934
281.2673707615342,0.002119860681672581
281.54530294608116,0.002125834212888692
281.8232351306281,0.0021373065071222134
282.10116731517513,0.002149179068557893
282.3790994997221,0.002156289391402285
282.65703168426904,0.0021553628137623406
282.934963868816,0.002146187464715119
283.212896053363,0.0021316836249414715
283.49082823790997,0.0021168542155656856
283.7687604224569,0.002106904747063039
284.0466926070039,0.0021051727578883955
284.3246247915509,0.0021117392434226536
284.60255697609784,0.002123398431704413
284.8804891606448,0.0021350006734115546
285.1584213451918,0.0021415092992442216
285.43635352973877,0.0021398954013803284
285.7142857142857,0.002130220872862769
285.9922178988327,0.0021156117255268204
286.2701500833797,0.0021011315034992276
286.54808226792665,0.0020918697768501646
286.8260144524736,0.002090908609739388
287.10394663702056,0.0020980368806310466
287.38187882156757,0.0021098440700701793
287.6598110061145,0.0021211445016675197
287.9377431906615,0.0021270384745336575
288.21567537520843,0.0021247468558442946
288.49360755975545,0.0021146012969323114
288.7715397443024,0.0020999229026363226
289.04947192884936,0.0020858218163005665
289.32740411339637,0.002077259227733419
289.6053362979433,0.0020770562294258597
289.8832684824903,0.0020847142635344
290.16120066703724,0.002096630982495517
290.43913285158425,0.0021075993948195468
290.7170650361312,0.0021128676013706087
290.99499722067816,0.002109909414504476
291.2729294052251,0.0020993218138101294
291.5508615897721,0.00208461004611577
291.8287937743191,0.0020709168893663973
292.10672595886604,0.0020630630578233203
292.384658143413,0.0020636039047988225
292.66259032796,0.0020717589784033006
292.94052251250696,0.0020837471742203165
293.2184546970539,0.0020943547876988732
293.4963868816009,0.002098987839157953
293.7743190661479,0.0020953757989908544
294.05225125069484,0.002084375887483914
294.3301834352418,0.002069666355664495
294.6081156197888,0.0020564086720870995
294.88604780433576,0.002049271394052562
295.1639799888827,0.002050540236293311
295.44191217342967,0.002059158993034602
295.7198443579767,0.002071181112434744
295.99777654252364,0.002081400571764239
296.2757087270706,0.00208539081626103
296.5536409116176,0.002081139117807838
296.83157309616456,0.002069757355400384
297.1095052807115,0.0020550853425958414
297.3874374652585,0.00204228938110686
297.6653696498055,0.002035874660839433
297.94330183435244,0.0020378541222741435
298.2212340188994,0.0020469025891493814
298.49916620344635,0.0020589217076599736
298.77709838799336,0.002068727073119133
299.0550305725403,0.002072068649767282
299.3329627570873,0.002067192878190911
299.6108949416342,0.0020554603786560872
299.88882712618124,0.002040860757688434
300.1667593107282,0.0020285513912111156
300.44469149527515,0.0020228634765179464
300.72262367982216,0.0020255347424331395
301.0005558643691,0.002034978491829032
301.2784880489161,0.0020469583114673603
301.55642023346303,0.002056325145020106
301.83435241801004,0.0020590138867572203
302.112284602557,0.0020535310488100666
302.39021678710395,0.002041479430670574
302.6681489716509,0.0020269866242959866
302.9460811561979,0.002015187337550695
303.2240133407449,0.0020102286522702285
303.50194552529183,0.0020135715013318628
303.7798777098388,0.002023375700633285
304.0578098943858,0.0020352806582476166
304.33574207893275,0.002044186032285059
304.6136742634797,0.0020462194953245567
304.8916064480267,0.0020401479184508405
305.1695386325737,0.002027809326328097
305.44747081712063,0.002013457176512708
305.7254030016676,0.002002190000934158
306.0033351862146,0.001997961220172705
306.28126737076155,0.002001954093797167
306.5591995553085,0.0020120836007233335
306.83713173985547,0.002023878929102566
307.1150639244025,0.002032301457264499
307.39299610894943,0.002033678870634969
307.6709282934964,0.002027038127557873
307.94886047804334,0.002014445122455898
308.22679266259036,0.0020002668530521364
308.5047248471373,0.0019895523503027433
308.78265703168427,0.0019860523945054447
309.0605892162313,0.0019906724540623383
309.33852140077823,0.002001091877199358
309.6164535853252,0.0020127436878296092
309.89438576987214,0.0020206635345800298
310.17231795441916,0.0020213857942311285
310.4502501389661,0.002014196672576484
310.72818232351307,0.0020013821611797426
311.00611450806,0.0019874102976895403
311.28404669260703,0.001977267508110393
311.561978877154,0.0019744935525791794
311.83991106170095,0.001979716760492491
312.1178432462479,0.001990390580227319
312.3957754307949,0.002001865879829535
312.67370761534187,0.0020092647704765976
312.9516397998888,0.0020093344247237707
313.22957198443584,0.0020016188746145754
313.5075041689828,0.001988616018735386
313.78543635352975,0.0019748823236288918
314.0633685380767,0.0019653287324194265
314.3413007226237,0.0019632762270687856
314.61923290717067,0.0019690774263642795
314.8971650917176,0.0019799700509696423
315.1750972762646,0.00199123681940261
315.4530294608116,0.0019980980780687713
315.73096164535855,0.00199751928389021
316.0088938299055,0.001989300345476199
316.2868260144525,0.0019761425067474836
316.56475819899947,0.0019626779210709325
316.8426903835464,0.001953729429981168
317.1206225680934,0.0019523921299586715
317.3985547526404,0.0019587450935177686
317.67648693718735,0.001969820947181719
317.9544191217343,0.0019808482081676362
318.23235130628126,0.0019871567521262115
318.5102834908283,0.001985935245215922
318.7882156753752,0.0019772369881835027
319.0661478599222,0.001963957634612878
319.34408004446914,0.001950792206869621
319.62201222901615,0.0019424631197380792
319.8999444135631,0.0019418331147642055
320.17787659811006,0.0019487106343522968
320.4558087826571,0.001959934233030843
320.733740967204,0.001970692086400505
321.011673151751,0.001976434438846562
321.28960533629794,0.0019745775076535806
321.56753752084495,0.0019654249902290094
321.8454697053919,0.0019520576262297682
322.12340188993886,0.0019392204451971048
322.4013340744858,0.001931523421509094
322.67926625903283,0.0019315911839030717
322.9571984435798,0.0019389651320056958
323.23513062812674,0.001950301169349057
323.5130628126737,0.001960760846015337
323.7909949972207,0.0019659251431569207
324.06892718176766,0.0019634415935076096
324.3468593663146,0.0019538607715554783
324.62479155086163,0.0019404388897872452
324.9027237354086,0.001927958018520018
325.18065591995554,0.0019209040703297
325.4585881045025,0.0019216584696589208
325.7365202890495,0.001929499897602558
326.01445247359646,0.0019409133155038499
326.2923846581434,0.0019510472223698944
326.5703168426904,0.00195562322372349
326.8482490272374,0.0019525233398071686
327.12618121178434,0.0019425410178441052
327.4041133963313,0.0019290979879946434
327.68204558087825,0.0019170004135758078
327.95997776542526,0.0019105988975449421
328.2379099499722,0.0019120272601919857
328.5158421345192,0.001920306448793725
328.7937743190662,0.0019317625175276035
329.07170650361314,0.0019415442833753008
329.3496386881601,0.0019455233528109005
329.62757087270705,0.0019418188640897749
329.90550305725407,0.0019314626275732882
330.183435241801,0.001918031638600775
330.461367426348,0.0019063432174395937
330.73929961089493,0.0019006018109057065
331.01723179544194,0.0019026899548311824
331.2951639799889,0.0019113765152251223
331.57309616453585,0.0019228409047092475
331.8510283490828,0.0019322454190461072
332.1289605336298,0.0019356205391087313
332.4068927181768,0.0019313245769385105
332.68482490272373,0.0019206227201797046
332.96275708727075,0.0019072367053055855
333.2406892718177,0.0018959821104079396
333.51862145636466,0.0018909068048965875
333.7965536409116,0.0018936390938190286
334.0744858254586,0.0019027020287384403
334.3524180100056,0.001914140891221832
334.63035019455253,0.0019231443335860348
334.9082823790995,0.0019259100960967066
335.1862145636465,0.0019210371462840858
335.46414674819346,0.001910018611586686
335.7420789327404,0.0018967101844507563
336.0200111172874,0.0018859128359854957
336.2979433018344,0.001881507951076153
336.57587548638134,0.0018848673348384492
336.8538076709283,0.0018942751360834789
337.1317398554753,0.001905655156003728
337.40967204002226,0.0019142350461945944
337.6876042245692,0.001916387638697077
337.96553640911617,0.0019109535024628124
338.2434685936632,0.001899647813101734
338.52140077821014,0.0018864491730596724
338.7993329627571,0.001876131219485702
339.07726514730405,0.00187239938391091
339.35519733185106,0.001876367467494642
339.633129516398,0.0018860881794793497
339.91106170094497,0.001897376655284117
340.188993885492,0.001905511870985175
340.46692607003894,0.0019070490717238067
340.7448582545859,0.001901070819291256
341.02279043913285,0.0018895080041450884
341.30072262367986,0.0018764508864579524
341.5786548082268,0.0018666331379086896
341.85658699277377,0.0018635753041266578
342.1345191773207,0.0018681323966792656
342.41245136186774,0.001878133706153122
342.6903835464147,0.001889298614332411
342.96831573096165,0.0018969694240019463
343.2462479155086,0.0018978905846105522
343.5241801000556,0.001891386505906145
343.8021122846026,0.0018795970335940717
344.0800444691495,0.0018667126256208283
344.35797665369654,0.0018574145155144702
344.6359088382435,0.0018550299724601092
344.91384102279045,0.0018601551480257469
345.1917732073374,0.00187040446336988
345.4697053918844,0.0018814145157327585
345.7476375764314,0.0018886026059009699
346.0255697609783,0.0018889086357004536
346.3035019455253,0.0018818981877608452
346.5814341300723,0.001869912896469559
346.85936631461925,0.001857231778266434
347.1372984991662,0.0018484713267218047
347.41523068371316,0.0018467577106584632
347.6931628682602,0.0018524288694813326
347.97109505280713,0.0018628933953126914
348.2490272373541,0.0018737181079311951
348.5269594219011,0.001880406598627515
348.80489160644805,0.0018800999492860758
349.082823790995,0.001872603707529109
349.36075597554196,0.0018604537322197228
349.638688160089,0.001848005799040728
349.91662034463593,0.001839799579995579
350.1945525291829,0.001838752889888485
350.47248471372984,0.0018449468257976153
350.75041689827685,0.0018555936433006831
351.0283490828238,0.0018662033882356707
351.30628126737076,0.0018723768617554862
351.5842134519177,0.0018714614996982628
351.86214563646473,0.0018635011060061538
352.1400778210117,0.0018512178064897544
352.41801000555864,0.0018390322094401052
352.69594219010565,0.001831395312483319
352.9738743746526,0.00183100993717817
353.25180655919957,0.0018377024001757327
353.5297387437465,0.001848498548530068
353.80767092829353,0.0018588646119555533
354.0856031128405,0.0018645091190947264
354.36353529738744,0.0018629905108063203
354.6414674819344,0.001854588614188341
354.9193996664814,0.0018422035042800478
355.19733185102837,0.0018303085815665609
355.4752640355753,0.0018232545880060565
355.7531962201223,0.0018235233266330679
356.0311284046693,0.0018306890946100272
356.30906058921624,0.0018416016467630266
356.5869927737632,0.0018516962808600333
356.8649249583102,0.0018567993606875923
357.14285714285717,0.0018546844401864436
357.4207893274041,0.001845864642708557
357.6987215119511,0.0018334093179755095
357.9766536964981,0.0018218325326415095
358.25458588104505,0.0018153734898565086
358.532518065592,0.0018162875817077076
358.81045025013896,0.001823900531695962
359.08838243468597,0.001834896667313242
359.3663146192329,0.0018446931418848185
359.6442468037799,0.0018492438307723875
359.9221789883269,0.001846540972213505
360.20011117287385,0.0018373277706252697
360.4780433574208,0.0018248338369873363
360.75597554196776,0.0018136017174840674
361.03390772651477,0.001807748114627721
361.3118399110617,0.0018092972763931992
361.5897720956087,0.0018173304521497357
361.86770428015564,0.0018283775357325455
362.14563646470265,0.0018378501852354303
362.4235686492496,0.0018418390239492409
362.70150083379656,0.0018385580131703848
362.9794330183435,0.0018289767385922728
363.2573652028905,0.001816475738808416
363.5352973874375,0.0018056138169321348
363.81322957198444,0.0018003745718197
364.09116175653145,0.0018025470303442484
364.3690939410784,0.001810972718210923
364.64702612562536,0.00182203837224478
364.9249583101723,0.0018311626400386873
365.2028904947193,0.001834581678480943
365.4808226792663,0.0018307336781876909
365.75875486381324,0.0018208104367359766
366.0366870483602,0.0018083337782717201
366.3146192329072,0.0017978665339707356
366.59255141745416,0.0017932489772569252
366.8704836020011,0.001796031511213374
367.14841578654807,0.0018048213140986233
367.4263479710951,0.0018158734897623977
367.70428015564204,0.0018246259698016425
367.982212340189,0.0018274687702226798
368.260144524736,0.0018230662868478774
368.53807670928296,0.0018128278947991592
368.8160088938299,0.0018004067789968222
369.0939410783769,0.0017903575863395496
369.3718732629239,0.00178636745218492
369.64980544747084,0.0017897454354917183
369.9277376320178,0.0017988703462376043
370.20566981656475,0.0018098773949566061
370.48360200111176,0.001818235872537778
370.7615341856587,0.0018204975068244033
371.0394663702057,0.0018155543517724372
371.31739855475263,0.001805028274112019
371.59533073929964,0.00179269362429989
371.8732629238466,0.0017830846983972104
372.15119510839355,0.001779726120063157
372.42912729294056,0.0017836835680893905
372.7070594774875,0.0017931140465506344
372.9849916620345,0.0018040447870886834
373.26292384658143,0.0018119882740516477
373.54085603112844,0.0018136653221716896
373.8187882156754,0.0018081965726583827
374.09672040022235,0.0017974108585521583
374.3746525847693,0.001785193248332972
374.6525847693163,0.001776045596908758
374.9305169538633,0.00177332110388584
375.20844913841023,0.0017778407241415372
375.4863813229572,0.0017875467721574093
375.7643135075042,0.001798370558566958
376.04224569205115,0.0018058793264793713
376.3201778765981,0.0018069698694278557
376.5981100611451,0.0018009918278231384
376.8760422456921,0.0017899750439930432
377.15397443023903,0.0017779046280365623
377.431906614786,0.0017692380044811884
377.709838799333,0.0017671485262011361
377.98777098387995,0.0017722117705483678
378.2657031684269,0.0017821630081264093
378.54363535297387,0.0017928497932099483
378.8215675375209,0.0017999054049129438
379.09949972206783,0.0018004090164679845
379.3774319066148,0.0017939391661973697
379.6553640911618,0.0017827203307171622
379.93329627570876,0.0017708267747895596
380.2112284602557,0.0017626596352162771
380.48916064480267,0.0017612045067500932
380.7670928293497,0.0017667916265176448
381.04502501389663,0.001776957368533936
381.3229571984436,0.0017874777672156651
381.60088938299054,0.001794063104048051
381.87882156753756,0.0017939808387550519
382.1567537520845,0.001787037799334559
382.43468593663147,0.0017756463144243718
382.7126181211784,0.0017639587270518
382.99055030572544,0.0017563081896889645
383.2684824902724,0.0017554851625335188
383.54641467481935,0.0017615752669827634
383.82434685936636,0.0017719245986314725
384.1022790439133,0.0017822499477068133
384.38021122846027,0.0017883492348321657
384.6581434130072,0.0017876836144642197
384.93607559755424,0.0017802870940731572
385.2140077821012,0.0017687526772256598
385.49193996664815,0.0017572995423583786
385.7698721511951,0.001750181350651795
386.0478043357421,0.0017499866072430198
386.32573652028907,0.0017565577238114615
386.603668704836,0.0017670595767321413
386.881600889383,0.001777161992615375
387.15953307393,0.0017827608211598797
387.43746525847695,0.0017815158181697943
387.7153974430239,0.0017736865644348934
387.9933296275709,0.0017620391800778148
388.27126181211787,0.001750848290851887
388.5491939966648,0.0017442767799424003
388.8271261812118,0.0017447049518141105
389.1050583657588,0.001751734088342995
389.38299055030575,0.001762357315538658
389.6609227348527,0.0017722097503395406
389.93885491939966,0.0017772950965300799
390.2167871039467,0.0017754761150536814
390.4947192884936,0.0017672358641706116
390.7726514730406,0.001755505653932856
391.05058365758754,0.001744604048363051
391.32851584213455,0.001738592114539559
391.6064480266815,0.0017396363046425756
391.88438021122846,0.0017470995141331703
392.1623123957755,0.0017578129643791999
392.4402445803224,0.0017673892589628874
392.7181767648694,0.0017719495007508697
392.99610894941634,0.001769563355230489
393.27404113396335,0.0017609347792939452
393.5519733185103,0.0017491519920037522
393.82990550305726,0.0017385658898617581
394.1078376876042,0.0017331249639923499
394.38576987215123,0.0017347767727805318
394.6637020566982,0.0017426492194937292
394.94163424124514,0.0017534218110137616
395.2195664257921,0.0017626967456588843
395.4974986103391,0.0017667216764711384
395.77543079488606,0.0017637765677370972
396.053362979433,0.0017547832201859986
396.33129516398003,0.001742978141826851
396.609227348527,0.0017327328834163195
396.88715953307394,0.0017278729080904972
397.1650917176209,0.0017301224630140606
397.4430239021679,0.001738378490402019
397.72095608671486,0.001749179283395871
397.9988882712618,0.00175812862610086
398.2768204558088,0.0017616094657999877
398.5547526403558,0.0017581149548315821
398.83268482490274,0.0017487812145021832
399.1106170094497,0.0017369840976153915
399.3885491939967,0.0017271040845814034
399.66648137854366,0.0017228334947228321
399.9444135630906,0.0017256694835135714
400.2223457476376,0.001734282683372537
400.5002779321846,0.0017450809515243016
400.77821011673154,0.0017536815035744686
401.0561423012785,0.0017566109067341583
401.33407448582545,0.0017525778859720203
401.61200667037247,0.0017429288996030224
401.8899388549194,0.0017311698927482118
402.1678710394664,0.0017216785308856802
402.44580322401333,0.0017180042383798898
402.72373540856034,0.0017214139459016452
403.0016675931073,0.0017303572287306007
403.27959977765425,0.0017411225290829997
403.55753196220127,0.001749352168231829
403.8354641467482,0.0017517242295516315
404.1133963312952,0.001747164892116135
404.39132851584213,0.001737226515173018
404.66926070038915,0.0017255355925357102
404.9471928849361,0.0017164552369024063
405.22512506948306,0.0017133826189764199
405.50305725403,0.0017173519671344415
405.780989438577,0.0017265976335705925
406.058921623124,0.0017372998753538702
406.33685380767093,0.0017451375961479213
406.6147859922179,0.0017469478532712265
406.8927181767649,0.0017418756596927877
407.17065036131186,0.0017316743959555896
407.4485825458588,0.0017200812870554498
407.7265147304058,0.0017114331895145731
408.0044469149528,0.0017089660810046148
408.28237909949974,0.001713479672235235
408.5603112840467,0.0017229994850912942
408.8382434685937,0.0017336089966794772
409.11617565314066,0.0017410349483220182
409.3941078376876,0.001742280381912486
409.67204002223457,0.0017367100247284825
409.9499722067816,0.0017262729644834426
410.22790439132854,0.0017148070843241523
410.5058365758755,0.0017066113435922777
410.78376876042245,0.0017047520332482964
411.06170094496946,0.0017097931967938902
411.3396331295164,0.0017195584538504869
411.61756531406337,0.0017300460481791554
411.8954974986104,0.0017370415695957305
412.17342968315734,0.0017377206007734107
412.4513618677043,0.0017316679669426278
412.72929405225125,0.0017210227239507021
413.00722623679826,0.001709713103586609
413.2851584213452,0.0017019886181293348
413.56309060589217,0.001700737848756311
413.8410227904391,0.0017062886899934261
414.11895497498614,0.00171627029702026
414.3968871595331,0.0017266073351667518
414.67481934408005,0.0017331549874929847
414.952751528627,0.001733267472617414
415.230683713174,0.0017267496037519814
415.508615897721,0.0017159242510533812
415.7865480822679,0.001704799468881863
416.06448026681494,0.0016975638925606626
416.3424124513619,0.0016969208651885883
416.62034463590885,0.0017029623176840723
416.8982768204558,0.001713130861763845
417.1762090050028,0.0017232893146433886
417.4541411895498,0.0017293729109248617
417.73207337409673,0.0017289201337914858
418.0100055586437,0.001721955184295306
418.2879377431907,0.0017109781889767639
418.56586992773765,0.0017000663028284913
418.8438021122846,0.0016933360036280078
419.1217342968316,0.001693298385564737
419.3996664813786,0.001699810265743209
419.67759866592553,0.0017101360885142323
419.9555308504725,0.0017200885965987373
420.2334630350195,0.0017256932288415598
420.51139521956645,0.0017246778902781426
420.7893274041134,0.0017172850834504744
421.06725958866036,0.0017061852404491355
421.3451917732074,0.0016955137206360108
421.62312395775433,0.0016893037425169347
421.9010561423013,0.0016898676793337078
422.17898832684824,0.0016968287435252037
422.45692051139525,0.0017072820142999651
422.7348526959422,0.0017170019452657967
423.01278488048916,0.0017221140087712386
423.2907170650362,0.0017205402136780488
423.56864924958313,0.0017127397957949968
423.8465814341301,0.001701546160829964
424.12451361867704,0.0016911418243914151
424.40244580322405,0.0016854658523901415
424.680377987771,0.0016866259837809553
424.95831017231797,0.0016940139875127075
425.2362423568649,0.0017045647760324139
425.51417454141193,0.0017140262802576483
425.7921067259589,0.0017186334952651815
426.07003891050584,0.0017165067371104998
426.3479710950528,0.0017083199295600902
426.6259032795998,0.0016970617513628718
426.90383546414677,0.0016869506975732533
427.1817676486937,0.0016818210263129226
427.45969983324073,0.001683570505750515
427.7376320177877,0.0016913622650897022
428.01556420233464,0.001701980613749589
428.2934963868816,0.0017111586776078558
428.5714285714286,0.0017152501082145313
428.84936075597557,0.0017125772510571448
429.1272929405225,0.0017040262005744752
429.4052251250695,0.0016927328524715323
429.6831573096165,0.001682940399855205
429.96108949416345,0.0016783679055097796
430.2390216787104,0.0016806984236736819
430.51695386325736,0.0016888698784127065
430.79488604780437,0.0016995258738230449
431.0728182323513,0.0017083963707088515
431.3507504168983,0.0017119624411121226
431.6286826014453,0.001708751699109496
431.90661478599225,0.0016998594261716956
432.1845469705392,0.0016885603371898877
432.46247915508616,0.0016791109621721934
432.74041133963317,0.0016751050780361592
433.0183435241801,0.0016780068898967005
433.2962757087271,0.0016865331684039577
433.57420789327404,0.001697197012103522
433.85214007782105,0.0017057367511177372
434.130072262368,0.0017087692591625863
434.40800444691496,0.0017050301736647507
434.6859366314619,0.0016958205191037136
434.9638688160089,0.0016845451046924107
435.2418010005559,0.001675462382076179
435.51973318510284,0.0016720310777905054
435.79766536964985,0.0016754930332664967
436.0755975541968,0.0016843485188103313
436.35352973874376,0.0016949905970021484
436.6314619232907,0.0017031773692725123
436.9093941078377,0.0017056694973187052
437.1873262923847,0.0017014129115219788
437.46525847693164,0.0016919104814312864
437.7431906614786,0.0016806880739596722
438.0211228460256,0.0016719946193861593
438.29905503057256,0.0016691443838974685
438.5769872151195,0.0016731539619923561
438.8549193996665,0.0016823123603282634
439.1328515842135,0.001692903312498314
439.41078376876044,0.0017007159350749639
439.6887159533074,0.0017026622581932265
439.9666481378544,0.0016979002894178892
440.24458032240136,0.001688130398411436
440.5225125069483,0.0016769901775702477
440.8004446914953,0.0016687075921290291
441.0783768760423,0.0016664434204558371
441.35630906058924,0.0016709867667395737
441.6342412451362,0.0016804211747850784
441.91217342968315,0.0016909319610611134
442.19010561423016,0.0016983503183624084
442.4680377987771,0.001699746809873041
442.7459699833241,0.0016944928194783774
443.0239021678711,0.0016844814323827937
443.30183435241804,0.0016734523556407625
443.579766536965,0.0016656011727986257
443.85769872151195,0.0016639265566360743
444.13563090605896,0.00166898852395585
444.4135630906059,0.0016786714993482497
444.6914952751529,0.0016890734664880929
444.96942745969983,0.0016960785492530024
445.24735964424684,0.0016969225836183644
445.5252918287938,0.0016911911445987346
445.80322401334075,0.0016809648166563982
446.0811561978877,0.0016700755499186606
446.3590883824347,0.0016626751849240621
446.6370205669817,0.001661592107127538
446.91495275152863,0.0016671562994084192
447.19288493607564,0.0016770599307578374
447.4708171206226,0.001687324876643918
447.74874930516955,0.0016938988183720304
448.0266814897165,0.0016941891714565766
448.3046136742635,0.0016879960337471613
448.5825458588105,0.0016775818494136033
448.86047804335743,0.001666860698039614
449.1384102279044,0.001659929399958635
449.4163424124514,0.0016594383329300688
449.69427459699835,0.0016654871519157523
449.9722067815453,0.0016755831295669577
450.25013896609227,0.0016856833660992324
450.5280711506393,0.0016918094769515647
450.80600333518623,0.0016915463236631845
451.0839355197332,0.0016849083771936302
451.3618677042802,0.0016743338876219717
451.63979988882716,0.0016638087279628943
451.9177320733741,0.0016573635344976148
452.19566425792107,0.0016574634424759986
452.4735964424681,0.0016639781372564417
452.75152862701503,0.0016742378243751784
453.029460811562,0.0016841462386621663
453.30739299610894,0.0016898090368065966
453.58532518065596,0.0016889939461345828
453.8632573652029,0.0016819291816680827
454.14118954974987,0.0016712223409739342
454.4191217342968,0.0016609205525923737
454.69705391884384,0.0016549772478273454
454.9749861033908,0.0016556655930787237
455.25291828793775,0.001662626312242004
455.53085047248476,0.0016730208160440538
455.8087826570317,0.0016827109298013854
456.08671484157867,0.0016878961701826485
456.3646470261256,0.0016865320976482108
456.64257921067264,0.0016790595654488495
456.9205113952196,0.0016682486658570865
457.19844357976655,0.0016581970645971565
457.4763757643135,0.0016527701398086328
457.7543079488605,0.0016540428926947862
458.03224013340747,0.0016614287389347228
458.3101723179544,0.0016719289818848337
458.58810450250144,0.0016813750089514712
458.8660366870484,0.0016860697094774294
459.14396887159535,0.001684160987012378
459.4219010561423,0.001676300753382462
459.6998332406893,0.0016654143593644664
459.97776542523627,0.0016556391314417785
460.2556976097832,0.0016507417491011466
460.5336297943302,0.0016525934019917335
460.8115619788772,0.0016603824889960996
461.08949416342415,0.0016709592798055401
461.3674263479711,0.0016801361817017724
461.64535853251806,0.0016843286468334506
461.9232907170651,0.001681880970104872
462.201222901612,0.0016736540718397849
462.479155086159,0.0016627209533534345
462.757087270706,0.0016532475906377913
463.03501945525295,0.001648891551728378
463.3129516397999,0.0016513151367077666
463.59088382434686,0.0016594846481489582
463.8688160088939,0.001670108752409692
464.1467481934408,0.00167899229186227
464.4246803779878,0.0016826721336021058
464.70261256253474,0.0016796925467998799
464.98054474708175,0.001671120943611196
465.2584769316287,0.0016601700085640946
465.53640911617566,0.0016510232452281218
465.8143413007226,0.0016472189599863287
466.09227348526963,0.0016502060702938545
466.3702056698166,0.0016587323207389226
466.64813785436354,0.0016693745310353695
466.92607003891055,0.001677941323406527
467.2040022234575,0.0016810994796786084
467.48193440800446,0.0016775963577850162
467.7598665925514,0.0016687028827441037
468.03779877709843,0.00165776310880498
468.3157309616454,0.0016489668595147016
468.59366314619234,0.0016457233216948283
468.8715953307393,0.0016492641368241717
469.1495275152863,0.0016581226343797535
469.42745969983326,0.0016687538397283613
469.7053918843802,0.0016769814022867626
469.9833240689272,0.0016796101527070007
470.2612562534742,0.0016755931812665037
470.53918843802114,0.0016664014893290717
470.8171206225681,0.0016555018552200627
471.0950528071151,0.0016470791550401342
471.37298499166207,0.0016444039197937039
471.650917176209,0.0016484872341625235
471.928849360756,0.0016576527446679659
472.206781545303,0.0016682439991401725
472.48471372984994,0.0016761107981212015
472.7626459143969,0.0016782037771548
473.04057809894385,0.00167368392956699
473.31851028349087,0.0016642184442376945
473.5964424680378,0.0016533878606449846
473.8743746525848,0.0016453608068346505
474.15230683713173,0.0016432599722790142
474.43023902167874,0.0016478732273711313
474.7081712062257,0.0016573198399526016
474.98610339077266,0.0016678424303440233
475.26403557531967,0.0016753279257507728
475.5419677598666,0.0016768801332578763
475.8198999444136,0.0016718696456118046
476.09783212896053,0.0016621555038195072
476.37576431350755,0.001651422744066725
476.6536964980545,0.0016438124399360888
476.93162868260146,0.0016422906324801646
477.2095608671484,0.0016474199523485154
477.4874930516954,0.0016571211461464078
477.7654252362424,0.0016675466585631515
478.04335742078933,0.0016746313466640933
478.32128960533635,0.001675639155833825
478.5992217898833,0.0016701514993101756
478.87715397443026,0.00166021449456383
479.1550861589772,0.0016496081251967682
479.4330183435242,0.0016424346261957878
479.7109505280712,0.0016414949896711418
479.98888271261814,0.0016471252196814368
480.2668148971651,0.0016570539315663897
480.5447470817121,0.0016673543168045208
480.82267926625906,0.0016740197702897095
481.100611450806,0.0016744809329658238
481.37854363535297,0.0016685307838292197
481.6564758199,0.0016583973077323162
481.93440800444694,0.0016479456191716478
482.2123401889939,0.0016412278813747365
482.4902723735409,0.001640872070015307
482.76820455808786,0.0016469868186974785
483.0461367426348,0.0016571155117896877
483.32406892718177,0.0016672631493937907
483.6020011117288,0.0016734920551543554
483.87993329627574,0.0016734057045540325
484.1578654808227,0.0016670089117643788
484.43579766536965,0.001656705893971771
484.71372984991666,0.00164643683139215
484.9916620344636,0.0016401926625430976
485.26959421901057,0.001640420837834441
485.5475264035575,0.0016470025217029428
485.82545858810454,0.0016573032545140365
486.1033907726515,0.0016672710154056283
486.38132295719845,0.0016730472099064097
486.65925514174546,0.0016724138607381845
486.9371873262924,0.0016655874112077734
487.2151195108394,0.001655142257913496
487.4930516953863,0.00164508335251467
487.77098387993334,0.0016393293657856777
488.0489160644803,0.0016401401971986652
488.32684824902725,0.0016471700883924929
488.6047804335742,0.0016576145844113639
488.8827126181212,0.0016673758919858216
489.1606448026682,0.0016726843942042222
489.43857698721513,0.0016715059401879759
489.7165091717621,0.0016642679217179046
489.9944413563091,0.001653708452769221
490.27237354085605,0.0016438867536079185
490.550305725403,0.0016386383242240306
490.82823790995,0.0016400289938285839
491.106170094497,0.0016474872704155274
491.38410227904393,0.0016580469879639162
491.6620344635909,0.0016675758775619779
491.9399666481379,0.0016724029194683868
492.21789883268485,0.0016706826282634243
492.4958310172318,0.0016630521901923945
492.77376320177876,0.0016524065749320127
493.0516953863258,0.0016428485814872738
493.32962757087273,0.0016381198063579322
493.6075597554197,0.0016400860173018787
493.88549193996664,0.0016479518160842873
494.16342412451365,0.001658598018272767
494.4413563090606,0.0016678691949384588
494.71928849360756,0.0016722022494976383
494.9972206781546,0.001669944755045664
495.27515286270153,0.0016619420666487495
495.5530850472485,0.001651238758593044
495.83101723179544,0.00164197035424055
496.10894941634245,0.0016377740147333847
496.3868816008894,0.001640310003555731
496.66481378543637,0.00164856147521066
496.9427459699833,0.001659265299829858
497.22067815453033,0.0016682541942735648
497.4986103390773,0.0016720820009485523
497.77654252362424,0.0016692932932376695
498.05447470817126,0.00166093949991652
498.3324068927182,0.0016502071703840713
498.61033907726517,0.0016412535569572068
498.8882712618121,0.0016376010849399336
499.16620344635913,0.0016406996376750658
499.4441356309061,0.0016493140040565553
499.72206781545304,0.0016600465332445005
500.0,0.0016687293559357029
