-0.023438,-0.03125,-0.015625,-0.015625.1,-0.0078125,-0.023438.1,0.039063,-0.015625.2,0
-0.0078125,0.0078125,-0.0078125,0.023438,-0.039063,0.015625,0.0078125,-0.023438,-0.015625
-0.015625,-0.023438,-0.046875,-0.0078125,0.0,-0.039063,-0.015625,-0.0078125,-0.023438
0.0,-0.015625,-0.015625,0.0,0.023438,0.0078125,-0.0078125,-0.03125,-0.039063
-0.015625,0.023438,-0.0078125,-0.015625,0.0,-0.03125,0.0,-0.023438,-0.023438
-0.039063,-0.015625,0.015625,0.0078125,0.0,-0.0078125,-0.015625,0.0078125,-0.015625
-0.015625,0.0,-0.015625,-0.03125,-0.015625,-0.023438,0.0,0.0078125,-0.023438
0.0,-0.0078125,-0.015625,0.0,-0.0078125,-0.015625,-0.023438,0.023438,-0.023438
-0.03125,0.0078125,-0.023438,-0.023438,0.054688,-0.015625,-0.0078125,0.015625,-0.03125
-0.015625,0.0078125,-0.0078125,0.0,0.0078125,-0.023438,-0.015625,-0.0078125,-0.015625
0.015625,-0.015625,-0.0078125,-0.0078125,-0.015625,-0.0078125,0.0078125,-0.015625,0.0
-0.023438,-0.015625,-0.015625,0.0,0.0,-0.023438,0.0,0.0078125,-0.015625
-0.0078125,-0.023438,-0.015625,-0.0078125,0.0078125,-0.015625,-0.015625,-0.015625,-0.015625
0.0078125,-0.0078125,-0.0078125,-0.015625,-0.023438,0.0,-0.015625,0.0,-0.015625
-0.015625,0.0,-0.0078125,0.0078125,-0.015625,-0.039063,0.0,0.023438,-0.023438
0.0,-0.015625,0.0078125,0.0,0.0,-0.0078125,-0.0078125,0.0078125,-0.0078125
-0.0078125,0.0,-0.0078125,-0.0078125,-0.0078125,-0.015625,-0.015625,-0.0078125,-0.015625
-0.03125,-0.0078125,0.0,-0.015625,-0.015625,0.0,-0.03125,-0.0078125,-0.0078125
0.0,-0.0078125,-0.023438,-0.039063,0.0078125,0.0,0.0,0.0078125,-0.0078125
-0.015625,0.015625,-0.039063,-0.0078125,-0.0078125,0.0,0.015625,-0.0078125,0.0
-0.0078125,-0.023438,-0.0078125,-0.0078125,0.0078125,0.0,0.0,0.0,-0.03125
-0.015625,0.0,0.015625,-0.0078125,0.0,-0.015625,0.0,0.0,-0.0078125
-0.0078125,-0.0078125,-0.015625,-0.0078125,0.0078125,0.0,-0.0078125,0.015625,-0.0078125
-0.015625,-0.03125,-0.0078125,-0.015625,-0.0078125,-0.0078125,-0.0078125,0.0078125,-0.023438
0.0078125,0.0078125,-0.015625,-0.015625,0.0078125,0.0,-0.015625,-0.0078125,0.0
-0.0078125,-0.023438,-0.046875,0.015625,0.0,0.0078125,-0.0078125,0.0078125,-0.023438
-0.0078125,-0.023438,-0.015625,0.0,0.0,0.0078125,-0.03125,-0.015625,-0.0078125
-0.0078125,0.0,-0.015625,-0.0078125,-0.03125,0.0078125,-0.015625,0.0,-0.023438
-0.015625,0.015625,-0.015625,0.0078125,-0.023438,0.0078125,-0.023438,-0.023438,-0.015625
-0.0078125,-0.023438,-0.03125,-0.0078125,0.0,-0.015625,-0.03125,0.0078125,-0.015625
-0.015625,-0.0078125,-0.015625,-0.015625,0.0,-0.015625,-0.023438,0.0,-0.023438
-0.03125,-0.0078125,-0.039063,0.0,0.0,-0.023438,-0.0078125,-0.0078125,-0.015625
-0.0078125,0.0,0.0,-0.03125,0.0078125,-0.023438,-0.015625,0.0,-0.0078125
0.0,-0.023438,-0.023438,-0.015625,-0.015625,-0.023438,-0.015625,0.0,0.0078125
-0.015625,-0.023438,0.0,-0.023438,-0.015625,0.0078125,-0.023438,-0.015625,-0.0078125
-0.03125,0.0,-0.015625,-0.03125,0.0078125,-0.015625,0.0,-0.015625,-0.015625
-0.023438,0.0078125,-0.015625,-0.03125,0.015625,-0.023438,0.0,-0.015625,-0.03125
0.0,-0.0078125,-0.0078125,0.0,0.0,-0.023438,-0.03125,0.0,-0.015625
0.0078125,-0.015625,-0.0078125,-0.039063,-0.03125,0.03125,0.0,-0.039063,-0.023438
-0.03125,-0.023438,-0.015625,0.0078125,0.0078125,-0.0078125,-0.023438,-0.015625,0.0
-0.0078125,-0.015625,-0.0078125,-0.023438,-0.0078125,-0.0078125,-0.0078125,-0.0078125,-0.023438
-0.015625,-0.023438,-0.023438,-0.0078125,0.015625,0.0,-0.023438,-0.0078125,-0.015625
-0.0078125,0.0078125,-0.0078125,-0.0078125,0.0,0.0078125,-0.03125,-0.03125,0.015625
-0.03125,0.015625,-0.0078125,-0.015625,0.0,-0.0078125,0.015625,-0.0078125,0.0
0.0,-0.015625,0.0,0.015625,-0.015625,-0.03125,0.0078125,0.015625,-0.015625
-0.015625,-0.0078125,-0.015625,-0.023438,0.0078125,-0.046875,-0.023438,0.0,-0.023438
-0.023438,-0.0078125,0.0078125,0.0078125,-0.0078125,0.0,-0.015625,-0.023438,-0.0078125
-0.0078125,-0.015625,-0.015625,-0.0078125,-0.0078125,-0.03125,-0.03125,0.015625,0.0
-0.015625,-0.015625,-0.015625,-0.0078125,-0.0078125,-0.015625,0.0,-0.015625,-0.015625
-0.015625,-0.015625,-0.023438,-0.015625,0.0078125,0.0,0.0078125,-0.015625,-0.023438
-0.015625,0.0,-0.0078125,0.0,-0.039063,-0.03125,-0.023438,0.015625,-0.015625
-0.015625,-0.0078125,0.0,-0.0078125,0.0,-0.039063,0.015625,-0.015625,-0.023438
0.0,0.0,0.0078125,-0.0078125,-0.0078125,-0.0078125,-0.0078125,-0.0078125,-0.015625
-0.023438,-0.0078125,-0.023438,-0.023438,-0.015625,0.0078125,-0.0078125,0.0,-0.023438
-0.015625,-0.023438,0.0078125,-0.015625,-0.015625,0.015625,-0.015625,-0.015625,-0.0078125
0.0078125,-0.0078125,0.0078125,-0.015625,0.0,0.0,-0.015625,-0.039063,0.0
-0.03125,0.0,-0.015625,-0.0078125,0.0,-0.039063,-0.023438,-0.0078125,-0.015625
-0.03125,-0.023438,-0.0078125,-0.023438,0.0,-0.0078125,-0.0078125,0.0,0.0
0.0078125,-0.023438,-0.0078125,-0.023438,-0.015625,-0.015625,-0.015625,0.0,0.0
-0.0078125,0.0078125,0.0078125,0.0,-0.023438,0.015625,-0.015625,-0.03125,0.0
-0.015625,-0.0078125,-0.015625,0.0,-0.023438,0.0,0.0078125,-0.0078125,-0.023438
-0.015625,0.0,-0.015625,0.015625,-0.015625,-0.023438,-0.023438,-0.015625,0.0078125
0.0078125,-0.015625,-0.0078125,0.0078125,-0.0078125,-0.0078125,0.0,-0.023438,0.0
-0.023438,0.023438,0.023438,-0.015625,-0.023438,-0.03125,-0.0078125,-0.0078125,-0.015625
-0.0078125,0.0,0.0078125,-0.015625,-0.0078125,-0.015625,-0.015625,0.0,-0.0078125
0.015625,-0.023438,-0.0078125,-0.0078125,-0.039063,0.0,-0.023438,-0.015625,-0.03125
-0.0078125,-0.015625,-0.023438,0.0,-0.0078125,0.0,-0.0078125,0.0078125,0.015625
0.0078125,-0.023438,0.0078125,-0.023438,0.0078125,0.023438,-0.03125,-0.015625,0.0
-0.0078125,-0.023438,0.015625,-0.023438,-0.0078125,-0.0078125,-0.054688,0.0625,-0.046875
-0.03125,-0.023438,0.0,-0.023438,-0.0078125,-0.015625,0.0,-0.015625,-0.03125
-0.015625,0.0,0.0,-0.023438,-0.0078125,-0.023438,-0.015625,0.0078125,0.0
-0.039063,-0.023438,0.0,-0.015625,-0.0078125,0.0,0.0078125,-0.023438,0.0078125
0.0,-0.023438,0.0,-0.023438,0.03125,-0.015625,-0.015625,0.0,-0.015625
-0.015625,-0.015625,-0.03125,-0.0078125,0.0078125,-0.023438,0.015625,0.0078125,-0.046875
-0.015625,-0.0078125,0.0078125,-0.039063,-0.015625,0.0078125,-0.0078125,-0.015625,0.0
-0.023438,-0.023438,-0.0078125,0.023438,0.0,-0.03125,0.0078125,-0.046875,0.0
0.0078125,-0.023438,-0.0078125,-0.03125,0.0078125,-0.0078125,-0.0078125,-0.015625,0.0078125
-0.0078125,-0.0078125,-0.023438,0.0,0.023438,-0.015625,-0.015625,-0.0078125,-0.039063
-0.039063,0.0078125,0.0,-0.015625,-0.0078125,-0.015625,-0.03125,0.0078125,-0.039063
-0.023438,-0.0078125,-0.0078125,0.0078125,0.0078125,-0.015625,-0.0078125,0.0,-0.015625
-0.015625,-0.03125,-0.0078125,-0.015625,0.015625,-0.023438,0.0,0.0625,-0.015625
-0.0078125,-0.023438,0.0078125,-0.0078125,-0.03125,-0.023438,0.0078125,-0.015625,-0.015625
-0.023438,0.015625,-0.054688,0.046875,0.0078125,0.0,-0.0078125,-0.046875,-0.03125
0.0,-0.0078125,-0.015625,-0.023438,0.0,-0.023438,-0.015625,-0.0078125,-0.023438
0.0,-0.0078125,-0.015625,-0.03125,0.023438,0.023438,0.0078125,0.0,-0.03125
-0.0078125,-0.015625,-0.03125,-0.03125,-0.039063,0.023438,0.0078125,-0.039063,0.015625
-0.015625,0.0,0.0,-0.0078125,-0.015625,-0.015625,0.0,-0.0078125,-0.0078125
-0.0078125,-0.0078125,-0.03125,-0.015625,0.0,-0.039063,-0.039063,-0.03125,-0.015625
0.015625,-0.015625,0.0,-0.015625,0.0,-0.03125,-0.023438,0.0078125,-0.0078125
-0.023438,-0.0078125,-0.0078125,-0.023438,0.015625,-0.03125,-0.023438,0.0,0.0
0.0078125,-0.0078125,-0.023438,0.0078125,-0.0078125,-0.015625,0.0,-0.03125,-0.015625
0.0,-0.015625,-0.023438,-0.03125,0.0,0.0078125,-0.0078125,-0.03125,-0.023438
-0.0078125,0.0,0.015625,0.023438,-0.023438,0.0078125,0.0,0.0,-0.0078125
0.0078125,-0.0078125,0.0,0.0078125,-0.0078125,-0.039063,0.0,-0.0078125,-0.023438
-0.0078125,-0.0078125,-0.0078125,0.0,-0.03125,0.0078125,0.0,0.0,-0.015625
-0.046875,-0.046875,-0.015625,-0.0078125,-0.0078125,0.0078125,0.0078125,-0.0078125,0.023438
-0.015625,-0.023438,0.0078125,-0.0078125,-0.015625,-0.015625,-0.0078125,-0.0078125,-0.015625
0.015625,0.0,-0.015625,-0.0078125,-0.015625,0.0078125,-0.023438,-0.0078125,-0.023438
-0.039063,0.0078125,-0.023438,0.0078125,-0.0078125,-0.0078125,-0.03125,-0.015625,0.0
-0.0078125,0.015625,0.015625,-0.023438,0.0,-0.023438,-0.015625,-0.015625,-0.015625
-0.015625,-0.015625,-0.039063,-0.03125,-0.023438,0.0,0.015625,-0.015625,0.015625
-0.0078125,-0.046875,-0.039063,0.0078125,0.0,-0.023438,0.015625,0.0,-0.023438
-0.046875,-0.015625,0.023438,-0.0078125,0.0,-0.039063,-0.023438,0.015625,0.0
0.0078125,0.0,-0.03125,0.023438,0.0,-0.015625,0.0,-0.015625,-0.0078125
0.0,0.0078125,-0.0078125,0.0078125,-0.0078125,-0.023438,-0.023438,-0.023438,0.0078125
-0.0078125,0.0,-0.0078125,-0.0078125,-0.015625,-0.015625,-0.0078125,0.015625,-0.015625
-0.023438,-0.0078125,0.0,-0.023438,-0.023438,0.015625,-0.015625,0.0078125,0.03125
0.0,-0.0078125,-0.0078125,-0.023438,0.0,-0.0078125,0.0,0.0078125,-0.015625
0.0078125,0.0,-0.03125,-0.015625,-0.015625,0.0,-0.0078125,-0.023438,0.0
-0.015625,-0.0078125,-0.015625,-0.015625,-0.0078125,-0.023438,-0.015625,-0.0078125,-0.03125
-0.0078125,-0.015625,-0.0078125,-0.0078125,0.0078125,0.0078125,0.0078125,-0.03125,0.0078125
-0.03125,-0.023438,0.0,-0.015625,-0.0078125,-0.015625,-0.039063,-0.039063,-0.023438
0.0,-0.015625,0.0,-0.0078125,-0.0078125,0.0,-0.015625,0.0,-0.0078125
0.015625,-0.015625,0.0,-0.015625,-0.0078125,0.0,0.0,-0.023438,0.015625
-0.023438,0.023438,0.0,-0.0078125,-0.0078125,-0.023438,-0.0078125,0.0078125,0.0
-0.0078125,0.0,-0.0078125,-0.0078125,0.0,-0.023438,0.0,0.0078125,-0.0078125
0.0,-0.0078125,-0.015625,-0.015625,0.015625,-0.023438,0.0,-0.0078125,-0.0078125
0.0,-0.015625,0.0,0.0,-0.0078125,0.015625,0.015625,-0.03125,-0.03125
-0.0078125,-0.015625,-0.023438,-0.023438,0.0,0.0078125,-0.023438,0.0,0.0078125
0.0,-0.023438,-0.015625,-0.03125,-0.0078125,-0.015625,-0.015625,0.0,-0.03125
-0.015625,-0.023438,-0.015625,-0.015625,0.0,0.0,0.0,-0.0078125,0.0
0.0,-0.015625,0.0,-0.0078125,-0.015625,-0.0078125,-0.0078125,-0.023438,0.0
-0.015625,0.0,-0.023438,0.0,-0.015625,-0.0078125,-0.0078125,-0.03125,-0.0078125
-0.0078125,-0.023438,-0.023438,-0.023438,0.0,0.0,0.0078125,-0.023438,-0.023438
0.0078125,0.0,-0.0078125,-0.0078125,-0.015625,-0.023438,-0.0078125,0.0,-0.0078125
-0.0078125,-0.015625,0.0,-0.023438,-0.015625,-0.0078125,-0.015625,0.015625,-0.015625
-0.015625,-0.015625,-0.0078125,-0.015625,-0.0078125,0.0,-0.015625,-0.0078125,-0.0078125
-0.0078125,-0.015625,-0.0078125,-0.0078125,-0.015625,-0.0078125,-0.023438,-0.015625,0.0078125
0.0,0.0,-0.015625,0.0,-0.015625,-0.03125,0.0,-0.015625,-0.0078125
0.0078125,-0.0078125,-0.023438,-0.0078125,-0.0078125,-0.015625,-0.015625,-0.015625,-0.015625
0.0078125,-0.0078125,-0.015625,-0.023438,-0.03125,-0.0078125,0.0,0.0078125,-0.0078125
-0.015625,-0.015625,-0.023438,-0.015625,-0.03125,-0.015625,-0.015625,-0.0078125,-0.0078125
-0.0078125,-0.015625,-0.015625,-0.015625,-0.0078125,-0.0078125,-0.015625,-0.0078125,-0.023438
0.0078125,-0.0078125,-0.03125,-0.015625,-0.0078125,-0.0078125,-0.015625,-0.0078125,-0.015625
0.0,-0.0078125,-0.015625,0.0,-0.023438,0.0078125,-0.015625,-0.0078125,-0.0078125
-0.03125,-0.0078125,-0.0078125,-0.015625,-0.0078125,0.0,-0.015625,-0.023438,-0.023438
-0.015625,-0.0078125,-0.015625,0.0,0.0,0.0,-0.023438,-0.0078125,-0.015625
-0.0078125,-0.015625,0.0,-0.015625,-0.0078125,-0.0078125,-0.0078125,-0.015625,-0.0078125
-0.015625,-0.015625,0.0,0.0,-0.015625,-0.015625,-0.015625,-0.015625,-0.0078125
-0.023438,0.0,-0.0078125,-0.0078125,-0.0078125,-0.015625,0.0,-0.015625,-0.023438
-0.015625,0.0,-0.0078125,-0.03125,-0.0078125,-0.015625,0.015625,-0.023438,0.0
-0.015625,-0.0078125,-0.023438,0.0,0.0078125,-0.039063,-0.023438,-0.015625,-0.015625
-0.0078125,-0.0078125,-0.023438,-0.0078125,0.0,-0.023438,-0.03125,-0.015625,0.0078125
0.0,-0.023438,0.0,-0.03125,0.0,0.0,-0.039063,0.0,0.0
-0.03125,0.0,0.023438,-0.0078125,0.0078125,-0.0078125,-0.023438,-0.015625,-0.0078125
-0.015625,0.0,0.0,-0.0078125,-0.023438,0.015625,-0.0625,0.0,-0.023438
-0.046875,0.0078125,0.015625,-0.0078125,-0.015625,-0.03125,-0.015625,0.0078125,0.023438
0.0,-0.015625,-0.015625,0.0,0.0,-0.0078125,-0.0078125,-0.023438,0.0
0.0,-0.015625,-0.015625,-0.0078125,0.0078125,0.0078125,-0.0078125,-0.0078125,-0.0078125
0.0078125,-0.015625,-0.015625,-0.015625,-0.023438,-0.0078125,-0.0078125,-0.0078125,-0.0078125
0.0,-0.0078125,0.0,0.015625,-0.015625,-0.015625,-0.023438,-0.023438,-0.0078125
-0.0078125,-0.039063,-0.023438,-0.0078125,0.0078125,-0.015625,-0.023438,-0.03125,0.015625
0.03125,-0.0078125,-0.015625,0.023438,0.0,-0.0078125,-0.023438,-0.0078125,-0.023438
-0.015625,-0.023438,0.023438,-0.0078125,-0.0078125,-0.039063,0.0,0.015625,-0.039063
-0.015625,0.0,-0.023438,-0.023438,0.015625,-0.015625,-0.015625,0.015625,0.0078125
-0.023438,0.015625,0.0,-0.0078125,-0.015625,-0.023438,-0.015625,0.0,-0.015625
-0.015625,0.0,-0.0078125,-0.03125,-0.015625,-0.023438,-0.015625,-0.015625,-0.0078125
-0.015625,-0.0078125,-0.0078125,0.0078125,0.0,-0.015625,-0.015625,-0.0078125,-0.0078125
0.0078125,-0.015625,0.0,-0.0078125,-0.0078125,0.0,-0.0078125,-0.015625,0.015625
-0.015625,-0.0078125,0.0078125,-0.0078125,-0.023438,-0.0078125,-0.015625,0.0,0.0
0.0,-0.015625,-0.039063,-0.03125,0.015625,-0.039063,-0.015625,-0.015625,0.0078125
0.0,-0.0078125,0.0,-0.023438,0.015625,-0.023438,-0.0078125,-0.023438,-0.023438
-0.0078125,0.0078125,-0.015625,-0.039063,-0.015625,0.046875,-0.023438,-0.015625,-0.039063
0.0,-0.015625,-0.023438,-0.0078125,-0.0078125,-0.023438,-0.0078125,-0.023438,0.023438
-0.015625,-0.023438,0.0078125,-0.0078125,0.0,0.0,-0.0078125,-0.015625,-0.015625
0.015625,-0.03125,0.0,0.0,-0.023438,0.0,0.0078125,-0.0078125,-0.0078125
-0.03125,-0.023438,-0.0078125,0.03125,0.0078125,-0.023438,-0.03125,0.0,0.0
-0.015625,-0.0078125,-0.0078125,-0.03125,0.015625,-0.0078125,0.0078125,-0.023438,-0.046875
-0.015625,-0.0078125,-0.015625,-0.015625,-0.023438,-0.03125,-0.0078125,-0.03125,0.0078125
-0.0078125,0.0,0.0078125,-0.015625,-0.0078125,-0.023438,-0.0078125,-0.0078125,-0.0078125
0.015625,0.0,-0.015625,-0.0078125,-0.015625,-0.0078125,0.015625,-0.0078125,-0.0078125
-0.015625,-0.039063,0.0078125,-0.015625,0.0,0.0,-0.015625,0.0078125,-0.039063
-0.0078125,0.0,-0.023438,-0.0078125,-0.0078125,0.0,0.0078125,-0.015625,-0.023438
-0.0078125,0.0078125,-0.023438,-0.023438,-0.015625,-0.015625,-0.0078125,-0.015625,-0.015625
-0.015625,-0.015625,0.0078125,-0.0078125,-0.023438,-0.015625,0.0,-0.015625,0.0078125
0.0,-0.0078125,-0.015625,-0.0078125,0.0,-0.015625,-0.0078125,0.0,-0.015625
-0.023438,-0.015625,-0.0078125,0.0,-0.0078125,0.0078125,-0.0078125,-0.015625,-0.015625
-0.0078125,-0.015625,-0.0078125,-0.039063,0.03125,0.023438,-0.015625,-0.0078125,-0.023438
-0.0078125,-0.023438,-0.0078125,-0.015625,-0.015625,0.03125,-0.023438,-0.046875,0.0
0.015625,-0.03125,-0.0078125,0.0,-0.015625,0.015625,0.0,-0.0078125,0.0078125
-0.0078125,0.015625,0.0,-0.0078125,-0.03125,-0.015625,-0.015625,0.0,0.0078125
0.0078125,-0.0078125,0.0,-0.023438,0.0,-0.023438,-0.0078125,0.0,0.015625
-0.015625,0.0,0.023438,-0.015625,-0.03125,0.015625,-0.0078125,-0.023438,-0.023438
-0.015625,-0.015625,0.0,0.0078125,-0.023438,-0.03125,0.0078125,-0.023438,-0.015625
-0.0078125,-0.023438,-0.015625,-0.0078125,-0.015625,0.0,0.0,-0.015625,-0.03125
-0.023438,-0.015625,-0.03125,-0.023438,0.0078125,-0.0078125,0.0078125,-0.023438,-0.015625
0.0,0.0,-0.039063,0.0078125,-0.039063,-0.03125,0.0,0.0078125,0.0
-0.0078125,-0.039063,0.0078125,0.015625,-0.039063,-0.015625,-0.015625,-0.015625,0.0078125
-0.023438,-0.015625,0.015625,-0.023438,-0.0078125,0.0,-0.03125,0.023438,0.0078125
0.015625,-0.0078125,-0.03125,-0.0078125,-0.015625,0.0078125,-0.0078125,-0.0078125,0.0
0.0,-0.015625,-0.015625,-0.0078125,-0.015625,0.0078125,-0.0078125,-0.015625,-0.023438
-0.0078125,-0.015625,-0.015625,-0.0078125,0.0,-0.015625,0.0078125,-0.0078125,-0.023438
0.015625,0.0078125,-0.0078125,-0.0078125,-0.023438,-0.0078125,0.03125,-0.03125,0.0
-0.0078125,-0.039063,-0.023438,-0.023438,-0.015625,-0.0078125,-0.03125,-0.015625,0.0
0.0078125,-0.0078125,0.0,0.046875,-0.039063,0.0078125,-0.023438,-0.039063,0.023438
-0.03125,-0.023438,0.015625,-0.03125,-0.03125,-0.03125,0.0,-0.023438,-0.015625
0.0078125,-0.039063,0.0,0.0078125,-0.03125,-0.039063,0.054688,0.0078125,-0.039063
-0.023438,0.054688,-0.046875,-0.046875,0.0625,-0.070313,0.023438,0.015625,-0.039063
-0.0078125,0.0,0.0,-0.023438,-0.015625,-0.023438,0.0,0.0078125,-0.023438
0.023438,-0.023438,-0.023438,-0.015625,0.0,-0.039063,0.054688,-0.023438,-0.023438
-0.0078125,-0.023438,-0.0078125,-0.015625,-0.0078125,-0.0078125,0.03125,-0.054688,0.0
-0.015625,0.0,-0.0078125,-0.015625,-0.015625,-0.03125,0.015625,0.0,-0.046875
-0.0078125,0.0,0.015625,-0.0078125,-0.023438,-0.0078125,-0.0078125,-0.0078125,-0.039063
0.0,-0.0078125,-0.03125,-0.039063,-0.03125,0.03125,-0.03125,0.0,-0.0078125
0.015625,-0.03125,-0.023438,0.039063,-0.03125,0.023438,-0.015625,-0.023438,0.0
-0.0078125,-0.015625,0.0078125,0.0,0.0,0.0,-0.023438,-0.015625,-0.0078125
0.0,-0.0078125,0.0078125,-0.0078125,-0.0078125,0.0,0.0,-0.039063,0.0
-0.015625,-0.023438,0.0,0.0,0.0078125,-0.0078125,-0.015625,-0.015625,-0.015625
0.0,-0.015625,0.0,-0.015625,-0.0078125,0.0,-0.03125,0.0078125,-0.015625
-0.015625,-0.023438,-0.0078125,-0.015625,-0.0078125,0.0078125,0.0,-0.0078125,-0.023438
0.0,-0.0078125,-0.0078125,-0.023438,0.0078125,-0.015625,-0.0078125,0.0,-0.015625
-0.03125,0.0,-0.023438,0.0,-0.0078125,-0.0078125,0.0078125,0.0,-0.0078125
0.015625,-0.015625,-0.015625,-0.0078125,-0.0078125,0.0,-0.0078125,0.0,-0.023438
0.0,-0.0078125,-0.0078125,-0.015625,0.0,-0.0078125,-0.015625,-0.0078125,-0.015625
0.0078125,-0.015625,-0.0078125,-0.015625,-0.023438,-0.0078125,-0.015625,0.0,-0.03125
0.015625,-0.023438,-0.0078125,-0.0078125,-0.0078125,-0.0078125,0.0,-0.0078125,-0.0078125
0.0,-0.015625,-0.0078125,0.0,0.0078125,-0.0078125,-0.03125,-0.023438,-0.0078125
-0.015625,0.0078125,0.0078125,-0.023438,-0.0078125,0.0078125,-0.015625,0.0078125,0.0078125
-0.03125,-0.0078125,-0.0078125,0.0,-0.015625,-0.0078125,0.0,-0.015625,-0.0078125
-0.0078125,0.0,-0.0078125,-0.015625,-0.0078125,-0.015625,0.0,-0.015625,0.0078125
-0.0078125,0.0,-0.015625,0.0,-0.0078125,-0.03125,0.0,-0.0078125,-0.023438
0.0,0.0,-0.0078125,0.0,0.0,-0.015625,0.0078125,-0.0078125,-0.015625
0.0,-0.015625,-0.023438,-0.0078125,-0.015625,0.0,0.0078125,0.0,0.0
-0.0078125,-0.0078125,-0.0078125,-0.0078125,-0.0078125,0.015625,0.0,0.0078125,-0.023438
-0.0078125,-0.0078125,-0.015625,-0.015625,-0.0078125,0.0,-0.0078125,-0.023438,-0.015625
-0.015625,-0.015625,-0.0078125,-0.0078125,-0.023438,0.0,0.0078125,-0.03125,-0.0078125
-0.023438,0.0,0.0,-0.015625,-0.023438,-0.0078125,-0.015625,0.0,0.0
-0.015625,0.0,0.015625,-0.0078125,0.0078125,-0.0078125,-0.03125,-0.0078125,-0.015625
-0.015625,-0.023438,0.0078125,-0.023438,-0.0078125,0.0,0.0,0.0,-0.0078125
-0.015625,-0.0078125,-0.0078125,-0.023438,-0.015625,-0.015625,-0.015625,-0.0078125,-0.0078125
-0.015625,0.0,-0.015625,0.0,0.0,-0.015625,-0.0078125,0.0,-0.0078125
0.0,-0.0078125,0.0078125,-0.015625,-0.0078125,-0.0078125,0.0,-0.0078125,-0.039063
-0.0078125,-0.015625,-0.023438,-0.0078125,-0.0078125,-0.023438,-0.0078125,-0.0078125,-0.0078125
-0.0078125,-0.0078125,0.015625,-0.015625,-0.0078125,-0.0078125,-0.015625,-0.0078125,0.0
0.0,-0.0078125,-0.023438,0.0078125,-0.0078125,-0.015625,-0.023438,-0.023438,0.0
-0.015625,-0.0078125,-0.023438,-0.0078125,0.0078125,-0.015625,-0.015625,-0.023438,-0.015625
-0.023438,-0.0078125,-0.023438,-0.0078125,-0.0078125,-0.0078125,-0.015625,-0.015625,-0.0078125
-0.015625,0.0,-0.015625,-0.0078125,-0.015625,-0.015625,-0.015625,-0.03125,-0.0078125
-0.0078125,-0.0078125,-0.0078125,0.0,-0.015625,-0.0078125,-0.0078125,-0.0078125,-0.0078125
0.0,-0.0078125,0.0,0.0,-0.039063,-0.0078125,-0.0078125,-0.023438,-0.0078125
-0.015625,-0.023438,-0.023438,-0.0078125,0.0,-0.0078125,0.0,-0.015625,-0.015625
-0.0078125,0.0078125,-0.015625,-0.023438,-0.0078125,-0.0078125,-0.0078125,0.0078125,-0.015625
0.0,0.0,0.0,-0.015625,-0.015625,-0.0078125,-0.0078125,-0.015625,0.0
-0.0078125,-0.015625,0.0,-0.015625,-0.015625,-0.015625,-0.015625,-0.0078125,0.0
-0.0078125,-0.015625,0.0,0.0,-0.0078125,-0.023438,0.0,-0.023438,-0.0078125
-0.015625,-0.03125,0.0,-0.0078125,-0.015625,-0.0078125,0.0078125,0.0078125,-0.015625
0.0,-0.015625,-0.0078125,-0.0078125,-0.0078125,-0.0078125,0.015625,-0.023438,-0.015625
-0.015625,-0.015625,-0.015625,0.023438,-0.015625,-0.0078125,-0.0078125,0.0,-0.0078125
-0.015625,-0.0078125,0.0,-0.015625,0.0,0.0,-0.015625,-0.015625,0.0
0.0,-0.0078125,-0.0078125,0.0,-0.023438,-0.023438,-0.015625,-0.0078125,-0.0078125
-0.015625,-0.0078125,0.0078125,-0.0078125,-0.0078125,0.0078125,-0.0078125,0.0,-0.0078125
-0.023438,0.0,0.0,0.0,0.0,-0.0078125,-0.023438,-0.0078125,-0.015625
-0.0078125,-0.015625,-0.023438,0.0,-0.015625,-0.0078125,0.0,0.015625,-0.015625
0.0,-0.023438,-0.0078125,-0.0078125,-0.015625,0.023438,-0.015625,-0.0078125,-0.0078125
0.0,-0.015625,0.0,0.0078125,-0.023438,-0.0078125,-0.0078125,-0.039063,-0.015625
-0.0078125,-0.015625,-0.0078125,-0.023438,-0.0078125,0.023438,-0.015625,0.0078125,-0.0078125
-0.0078125,-0.015625,-0.0078125,-0.023438,-0.015625,-0.0078125,-0.0078125,-0.0078125,-0.0078125
-0.0078125,-0.0078125,-0.023438,0.0,-0.015625,-0.015625,-0.015625,0.0,0.0
-0.0078125,-0.015625,-0.0078125,0.0,-0.0078125,0.0078125,-0.023438,0.0,0.0078125
0.0,-0.015625,-0.015625,-0.0078125,-0.015625,0.0,-0.023438,0.0,-0.0078125
-0.0078125,-0.015625,-0.0078125,-0.0078125,-0.0078125,0.0,0.0,-0.0078125,0.0078125
-0.0078125,-0.015625,-0.015625,-0.0078125,0.0,-0.015625,0.0,-0.023438,-0.023438
0.0,-0.015625,-0.023438,-0.0078125,-0.023438,-0.0078125,-0.0078125,0.0078125,0.0
-0.023438,0.0,-0.0078125,-0.0078125,0.0,-0.015625,-0.0078125,-0.015625,-0.0078125
0.0,0.0,-0.015625,-0.015625,-0.0078125,0.0,-0.0078125,-0.0078125,-0.015625
-0.0078125,-0.015625,-0.0078125,-0.023438,-0.023438,-0.015625,-0.03125,-0.0078125,-0.0078125
-0.015625,-0.0078125,0.0,-0.0078125,0.0,-0.015625,-0.015625,0.0078125,-0.023438
-0.023438,0.0,-0.0078125,0.0,-0.015625,-0.03125,-0.0078125,-0.0078125,-0.015625
0.0,-0.0078125,-0.0078125,0.0,-0.0078125,0.0,-0.023438,-0.023438,-0.0078125
-0.015625,0.0,-0.023438,-0.0078125,-0.0078125,-0.015625,0.0,-0.015625,0.0
-0.015625,-0.023438,-0.0078125,0.0,-0.0078125,0.0,-0.015625,-0.023438,-0.015625
0.015625,-0.0078125,0.0,-0.0078125,-0.015625,-0.0078125,-0.023438,-0.0078125,-0.015625
0.0,0.0,-0.0078125,-0.015625,-0.0078125,-0.03125,-0.015625,0.015625,0.0
-0.015625,-0.015625,-0.015625,0.0078125,-0.0078125,0.0,-0.0078125,0.0,0.0078125
-0.0078125,-0.0078125,-0.0078125,-0.023438,-0.0078125,-0.0078125,-0.0078125,-0.0078125,-0.015625
-0.015625,-0.023438,0.0078125,-0.015625,0.0,0.0078125,0.0,-0.0078125,-0.023438
-0.0078125,-0.015625,-0.0078125,-0.0078125,-0.015625,0.0,0.0,-0.0078125,-0.0078125
-0.0078125,0.0,-0.0078125,-0.0078125,-0.023438,-0.0078125,-0.0078125,-0.0078125,-0.0078125
-0.0078125,0.0,-0.015625,-0.015625,-0.0078125,-0.023438,-0.015625,-0.0078125,0.0
-0.0078125,0.0,-0.015625,-0.015625,-0.0078125,-0.0078125,-0.023438,-0.0078125,-0.0078125
0.0,-0.023438,0.0,-0.0078125,0.0,0.0,0.0,0.0,0.0
0.0,-0.0078125,-0.023438,-0.015625,0.0,-0.0078125,0.0,-0.015625,-0.015625
-0.015625,-0.015625,-0.0078125,-0.015625,-0.0078125,-0.0078125,0.0,-0.015625,0.0
0.0,-0.03125,-0.0078125,0.0078125,-0.0078125,-0.0078125,0.0,-0.0078125,-0.015625
-0.023438,0.0078125,-0.015625,0.0078125,-0.0078125,-0.023438,-0.015625,-0.0078125,-0.0078125
-0.0078125,0.0,-0.015625,-0.0078125,-0.023438,-0.023438,-0.015625,0.0,-0.015625
-0.0078125,0.0078125,0.0,0.0,-0.0078125,-0.0078125,-0.0078125,-0.023438,-0.015625
-0.0078125,-0.0078125,-0.0078125,-0.023438,-0.0078125,-0.0078125,0.0078125,0.0078125,0.0
-0.0078125,-0.03125,-0.015625,-0.015625,-0.015625,0.0078125,-0.0078125,-0.0078125,0.0078125
0.0078125,-0.023438,0.0,0.0078125,-0.0078125,-0.0078125,-0.0078125,-0.0078125,-0.015625
-0.0078125,-0.0078125,-0.0078125,0.0078125,0.0078125,-0.015625,-0.023438,-0.015625,-0.0078125
-0.0078125,-0.0078125,-0.0078125,-0.0078125,-0.0078125,-0.015625,0.0,-0.015625,0.0
-0.015625,-0.015625,-0.0078125,-0.015625,0.0,-0.015625,-0.0078125,-0.0078125,-0.015625
0.0,-0.015625,-0.015625,-0.0078125,-0.0078125,-0.015625,-0.015625,-0.015625,-0.0078125
-0.023438,0.0,-0.0078125,-0.015625,0.0,-0.0078125,-0.015625,-0.0078125,-0.023438
0.0,-0.023438,-0.015625,0.0078125,-0.015625,-0.0078125,0.0,0.0078125,-0.0078125
-0.023438,-0.0078125,-0.023438,-0.0078125,-0.015625,-0.0078125,-0.015625,-0.015625,0.0
0.0,0.0,-0.0078125,0.0,0.0,-0.0078125,0.0,-0.0078125,-0.023438
-0.0078125,-0.015625,-0.015625,0.0,-0.0078125,-0.0078125,-0.015625,-0.0078125,0.0078125
-0.0078125,-0.015625,-0.015625,0.0,-0.015625,-0.0078125,0.0,-0.023438,-0.0078125
-0.0078125,-0.0078125,-0.015625,-0.023438,-0.015625,-0.0078125,-0.0078125,-0.0078125,-0.023438
-0.0078125,-0.015625,-0.0078125,-0.015625,-0.03125,-0.0078125,-0.015625,-0.023438,-0.0078125
-0.015625,-0.0078125,-0.0078125,0.0078125,-0.03125,-0.0078125,-0.0078125,0.0,-0.0078125
-0.015625,-0.015625,-0.015625,-0.023438,-0.0078125,-0.0078125,0.0,-0.0078125,-0.023438
-0.046875,-0.0078125,-0.0078125,-0.015625,-0.015625,0.023438,-0.0078125,-0.0078125,-0.0078125
0.023438,-0.023438,-0.023438,0.0,0.0,0.0,-0.0078125,-0.03125,-0.015625
-0.023438,-0.023438,-0.023438,-0.0078125,-0.015625,-0.015625,-0.0078125,-0.03125,0.015625
0.0,-0.0078125,-0.023438,-0.0078125,-0.0078125,-0.0078125,0.03125,0.039063,-0.0078125
0.0,0.0,-0.046875,0.015625,0.0,0.0078125,-0.0078125,-0.03125,-0.039063
-0.023438,0.015625,-0.0078125,0.023438,-0.039063,-0.046875,-0.015625,-0.039063,0.0
-0.0078125,-0.03125,-0.03125,-0.0078125,0.0078125,-0.0078125,-0.03125,0.0,-0.023438
-0.015625,-0.015625,-0.0078125,-0.015625,0.023438,0.0078125,0.039063,-0.023438,-0.039063
-0.039063,0.0078125,-0.039063,0.0078125,-0.0078125,-0.039063,0.03125,0.015625,0.0078125
-0.023438,-0.023438,0.039063,-0.023438,-0.023438,0.0,-0.03125,0.03125,-0.023438
0.023438,-0.03125,-0.0078125,0.0,-0.015625,-0.023438,-0.03125,0.0078125,-0.03125
0.0,-0.015625,-0.015625,0.03125,-0.0078125,0.015625,-0.023438,-0.03125,0.0
-0.039063,0.0,-0.03125,-0.046875,0.015625,-0.015625,-0.03125,-0.023438,0.023438
-0.023438,0.0078125,-0.0078125,-0.023438,-0.0078125,-0.0078125,-0.0078125,-0.0078125,-0.0078125
0.015625,-0.039063,-0.015625,-0.03125,0.0,0.0,0.03125,-0.03125,-0.03125
-0.0078125,-0.023438,-0.015625,0.0,-0.0078125,0.0078125,-0.039063,-0.023438,0.0078125
-0.023438,-0.0078125,-0.015625,0.0078125,0.0,-0.023438,0.0078125,-0.015625,-0.03125
-0.015625,-0.0078125,-0.03125,-0.015625,-0.0078125,0.0078125,0.023438,-0.015625,-0.03125
-0.0078125,0.0078125,-0.03125,0.0078125,-0.0078125,-0.0078125,0.0,-0.0078125,-0.015625
0.0078125,-0.015625,0.0,-0.015625,-0.03125,0.015625,-0.0078125,-0.0078125,-0.0078125
-0.0078125,-0.0078125,0.0,0.0078125,0.0,0.0,-0.015625,-0.03125,0.0
-0.023438,0.0,-0.023438,-0.015625,-0.0078125,-0.015625,0.015625,-0.023438,-0.015625
-0.0078125,0.0078125,0.015625,-0.023438,-0.023438,-0.023438,-0.0078125,-0.015625,-0.03125
-0.054688,-0.0078125,-0.0078125,0.0,0.03125,-0.03125,-0.023438,0.015625,-0.03125
-0.023438,-0.046875,0.023438,0.015625,-0.0078125,-0.015625,-0.03125,-0.03125,0.03125
-0.015625,-0.0078125,-0.0078125,-0.023438,-0.046875,0.0078125,0.03125,-0.039063,-0.015625
-0.039063,0.0,-0.0078125,-0.015625,0.015625,-0.023438,0.03125,-0.015625,-0.0078125
-0.023438,0.0078125,0.0,-0.046875,-0.0078125,-0.015625,-0.0078125,-0.0078125,-0.015625
0.0078125,0.0,0.0078125,-0.03125,0.023438,-0.015625,0.0,-0.023438,-0.015625
-0.0078125,0.0078125,-0.0078125,-0.03125,-0.0078125,-0.0078125,-0.0078125,-0.023438,-0.03125
-0.015625,0.0,-0.0078125,-0.023438,-0.023438,-0.0078125,0.0078125,0.0078125,-0.015625
0.0,0.015625,-0.023438,-0.0078125,-0.015625,-0.023438,-0.023438,-0.0078125,0.0078125
-0.0078125,0.0,-0.046875,0.0078125,-0.015625,-0.023438,-0.03125,-0.015625,0.015625
-0.03125,-0.0078125,0.0078125,-0.0078125,0.023438,-0.046875,-0.0078125,0.0,-0.023438
0.0,-0.03125,-0.0078125,0.0078125,-0.0078125,-0.015625,-0.0078125,0.023438,0.0
0.015625,-0.0078125,-0.015625,-0.0078125,-0.039063,-0.0078125,-0.0078125,-0.023438,0.0
-0.0078125,0.03125,-0.015625,-0.015625,-0.015625,-0.023438,0.070313,-0.046875,-0.039063
0.03125,0.0,-0.015625,0.0,-0.015625,-0.015625,-0.0078125,-0.0078125,-0.023438
-0.039063,0.023438,-0.0078125,0.0,-0.0078125,-0.0078125,-0.015625,-0.0078125,-0.023438
-0.03125,-0.023438,0.03125,0.0,-0.015625,-0.03125,-0.0078125,0.0078125,-0.03125
0.0078125,-0.0078125,-0.0078125,-0.0078125,0.0,0.0,-0.023438,-0.015625,-0.03125
-0.015625,0.03125,-0.0078125,-0.046875,-0.015625,-0.0078125,-0.015625,0.0,-0.023438
-0.023438,-0.03125,0.0078125,0.0,-0.023438,-0.023438,-0.054688,0.023438,0.0078125
-0.015625,0.039063,-0.023438,-0.0078125,-0.023438,-0.015625,0.0,-0.023438,-0.0078125
-0.015625,-0.0078125,0.03125,-0.015625,-0.039063,-0.015625,-0.0078125,0.015625,0.0
-0.0078125,-0.015625,-0.015625,0.0078125,0.0078125,-0.0078125,-0.023438,0.03125,0.015625
-0.039063,-0.0078125,0.023438,0.023438,-0.023438,-0.023438,-0.046875,-0.015625,0.015625
-0.0078125,-0.0078125,-0.03125,0.0078125,-0.023438,-0.015625,-0.023438,0.0,0.015625
-0.0078125,0.0,0.0,0.0,-0.023438,-0.015625,-0.015625,0.0078125,-0.039063
0.03125,-0.03125,-0.015625,-0.015625,-0.0078125,-0.0078125,-0.015625,-0.0078125,-0.015625
-0.03125,-0.015625,-0.023438,0.0,-0.0078125,0.0,0.0,-0.023438,-0.0078125
0.0078125,-0.0078125,-0.0078125,0.0078125,-0.0078125,-0.015625,0.0,0.0,0.015625
-0.015625,-0.03125,0.0078125,-0.0078125,-0.046875,0.03125,-0.0078125,0.0,-0.070313
0.0078125,0.015625,-0.015625,0.015625,-0.03125,-0.015625,-0.023438,-0.0078125,-0.0078125
-0.0078125,0.0078125,-0.039063,0.0,0.0078125,-0.0078125,-0.0078125,-0.0078125,-0.015625
-0.023438,-0.015625,-0.023438,0.015625,-0.023438,0.0,-0.015625,-0.015625,0.0078125
-0.0078125,-0.023438,0.0,-0.0078125,-0.015625,-0.0078125,0.023438,-0.015625,0.0
-0.015625,0.0,-0.015625,-0.0078125,-0.015625,-0.0078125,0.015625,-0.03125,-0.0078125
-0.015625,-0.03125,-0.015625,0.0,-0.0078125,-0.015625,0.0,-0.0078125,0.0078125
0.0,0.023438,-0.039063,-0.015625,0.0,-0.023438,0.0,-0.015625,0.0078125
-0.015625,-0.023438,0.0078125,-0.023438,0.0,-0.015625,-0.0078125,-0.0078125,-0.015625
-0.023438,0.0078125,0.0,0.0,-0.015625,-0.0078125,-0.03125,0.0,-0.015625
-0.03125,0.0,0.0078125,-0.015625,-0.015625,0.0,0.0,-0.03125,-0.023438
0.03125,0.0,-0.03125,-0.03125,-0.0078125,0.0078125,-0.03125,-0.015625,-0.015625
-0.0078125,0.0,0.0,-0.015625,-0.03125,-0.039063,0.0078125,-0.015625,-0.039063
-0.039063,0.03125,-0.0078125,-0.015625,0.0078125,-0.054688,-0.015625,-0.0078125,-0.015625
-0.0078125,-0.03125,-0.03125,0.0,0.0,-0.0078125,-0.0078125,-0.015625,0.0078125
-0.023438,-0.023438,-0.0078125,-0.015625,0.0,-0.015625,-0.0078125,-0.015625,-0.023438
-0.0078125,-0.0078125,-0.015625,0.015625,0.015625,-0.0078125,0.015625,-0.03125,-0.0078125
0.0,0.0,-0.03125,-0.0078125,-0.015625,-0.015625,0.0078125,-0.03125,0.015625
-0.03125,-0.015625,-0.039063,0.0,0.0078125,-0.015625,-0.023438,-0.023438,0.0078125
0.0,-0.023438,0.0078125,0.0,-0.0078125,-0.03125,0.0,-0.015625,-0.015625
-0.023438,-0.015625,0.0,0.0,0.0,-0.015625,0.0078125,-0.015625,-0.0078125
0.015625,-0.0078125,0.0,-0.0078125,-0.03125,-0.03125,-0.023438,-0.0078125,-0.023438
0.0078125,-0.015625,-0.015625,-0.015625,-0.015625,-0.015625,-0.015625,0.0,-0.0078125
-0.0078125,0.0,-0.0078125,-0.015625,-0.015625,0.0078125,-0.0078125,-0.015625,-0.0078125
-0.0078125,0.0,0.0078125,-0.023438,-0.023438,0.0078125,0.015625,-0.015625,-0.0078125
-0.0078125,0.0,-0.0078125,-0.015625,-0.0078125,-0.015625,-0.015625,-0.0078125,0.0
0.0,-0.015625,-0.0078125,-0.023438,-0.015625,0.0,-0.015625,-0.0078125,-0.0078125
-0.015625,-0.023438,-0.0078125,-0.015625,0.0,0.0,-0.0078125,0.0,-0.023438
0.0,-0.015625,-0.0078125,0.0,-0.0078125,-0.015625,0.0078125,-0.015625,-0.023438
-0.0078125,-0.0078125,-0.03125,0.0078125,0.0,-0.015625,-0.023438,-0.023438,0.0
0.023438,-0.015625,-0.023438,0.0,-0.015625,-0.015625,-0.015625,-0.0078125,0.0
-0.0078125,-0.0078125,-0.0078125,-0.0078125,-0.023438,-0.015625,0.03125,-0.015625,-0.015625
-0.023438,-0.015625,-0.023438,0.0078125,-0.03125,-0.023438,0.023438,-0.023438,-0.0078125
-0.023438,0.0,-0.0078125,0.0078125,-0.023438,-0.015625,-0.015625,-0.0078125,-0.0078125
-0.023438,-0.023438,-0.015625,-0.0078125,-0.0078125,-0.0078125,0.0,-0.015625,-0.0078125
-0.015625,-0.015625,-0.0078125,0.0,0.0,-0.015625,-0.0078125,-0.0078125,-0.023438
0.0,-0.015625,-0.015625,0.0,0.0,-0.015625,0.0,-0.023438,-0.0078125
-0.0078125,-0.015625,0.0,-0.0078125,-0.015625,0.015625,-0.03125,-0.0078125,-0.015625
-0.0078125,-0.039063,0.023438,0.0,0.0,0.023438,-0.070313,0.0,0.0078125
-0.023438,-0.023438,0.0,0.0078125,-0.023438,0.0,-0.015625,0.0,-0.023438
-0.023438,0.0,-0.0078125,0.0078125,-0.023438,0.0,-0.0078125,-0.023438,0.015625
-0.0078125,0.0078125,-0.015625,-0.015625,-0.015625,0.0,0.0,-0.0078125,-0.023438
-0.023438,-0.015625,-0.0078125,-0.0078125,0.0,-0.015625,-0.015625,-0.0078125,-0.015625
-0.015625,-0.015625,-0.015625,0.0,-0.0078125,0.0,0.0,-0.023438,0.015625
-0.015625,-0.023438,-0.0078125,0.015625,-0.023438,0.015625,-0.015625,-0.0078125,-0.0078125
-0.023438,0.0,-0.03125,0.03125,-0.015625,-0.039063,0.0,0.0,-0.015625
-0.0078125,-0.0078125,-0.039063,0.0078125,-0.0078125,-0.03125,-0.0078125,-0.054688,-0.0078125
0.0,-0.015625,0.0,-0.023438,0.0078125,-0.015625,-0.0078125,0.0,-0.015625
-0.023438,0.0078125,0.0,-0.0078125,0.0078125,-0.023438,-0.023438,-0.0078125,-0.0078125
-0.023438,0.015625,-0.023438,-0.0078125,-0.015625,0.0,-0.0078125,-0.015625,0.03125
-0.015625,0.0,-0.0078125,-0.0078125,-0.0078125,-0.015625,0.0,-0.0078125,-0.015625
0.0,0.0078125,-0.039063,-0.0078125,0.015625,-0.03125,0.0,-0.015625,-0.015625
-0.0078125,-0.0078125,-0.0078125,-0.015625,-0.015625,-0.0078125,-0.023438,-0.0078125,-0.015625
0.0,-0.015625,-0.015625,0.0078125,-0.015625,-0.0078125,0.015625,-0.015625,-0.015625
-0.015625,-0.015625,-0.015625,0.0,0.0,0.0,-0.0078125,0.0,-0.03125
-0.0078125,0.0,0.0,-0.015625,0.0078125,-0.0078125,-0.0078125,-0.015625,-0.023438
0.0078125,-0.015625,-0.0078125,-0.015625,-0.0078125,-0.0078125,0.0,-0.015625,-0.015625
-0.015625,-0.015625,0.0,-0.015625,-0.015625,-0.0078125,0.0078125,-0.023438,-0.023438
0.0,-0.023438,-0.0078125,-0.023438,0.0,-0.0078125,-0.023438,-0.0078125,0.0078125
0.015625,-0.023438,-0.0078125,-0.0078125,-0.015625,-0.015625,-0.0078125,-0.023438,-0.015625
-0.0078125,-0.015625,-0.015625,-0.015625,0.0,-0.015625,-0.015625,-0.039063,-0.023438
0.0,0.0,-0.0078125,0.0078125,-0.023438,0.0078125,0.0,-0.015625,-0.015625
-0.023438,-0.0078125,0.0078125,-0.0078125,-0.023438,-0.0078125,-0.023438,0.0078125,0.0
-0.0078125,-0.015625,-0.015625,-0.023438,-0.015625,-0.015625,-0.0078125,0.0,-0.0078125
-0.015625,0.0,-0.023438,0.0078125,-0.046875,-0.023438,-0.0078125,0.0,0.023438
-0.015625,-0.015625,0.0,-0.023438,0.0078125,-0.015625,-0.015625,0.0078125,-0.03125
-0.023438,-0.0078125,0.0078125,-0.0078125,-0.03125,-0.023438,-0.015625,-0.023438,-0.0078125
-0.0078125,-0.015625,-0.015625,-0.0078125,-0.015625,-0.015625,-0.0078125,0.0,-0.015625
0.0,-0.0078125,0.0,-0.015625,-0.023438,0.0,0.0078125,-0.015625,-0.015625
0.0,0.0078125,0.0,0.0,-0.015625,0.0078125,-0.015625,-0.023438,0.0078125
-0.0078125,-0.0078125,0.0,0.015625,-0.023438,-0.015625,0.0,-0.0078125,-0.015625
-0.015625,0.0078125,-0.015625,0.0,-0.0078125,0.0,-0.015625,-0.023438,-0.0078125
0.0,-0.015625,-0.0078125,-0.0078125,-0.0078125,0.0,-0.0078125,-0.015625,-0.023438
-0.0078125,-0.023438,-0.0078125,0.0,-0.0078125,-0.015625,-0.015625,0.0,-0.015625
-0.0078125,-0.0078125,-0.023438,-0.0078125,-0.0078125,0.0,-0.015625,-0.0078125,0.0
-0.0078125,-0.015625,-0.0078125,0.0,0.0,-0.0078125,-0.015625,0.0,-0.0078125
-0.0078125,-0.015625,0.0,-0.015625,-0.015625,-0.0078125,-0.023438,-0.0078125,-0.0078125
0.0,-0.015625,0.0,-0.015625,-0.0078125,-0.015625,0.0,-0.023438,-0.0078125
-0.015625,0.0,0.0,-0.015625,-0.023438,-0.0078125,0.0,-0.0078125,-0.015625
-0.03125,-0.0078125,-0.015625,-0.0078125,0.0,0.0078125,0.0078125,-0.03125,-0.0078125
-0.0078125,-0.023438,-0.0078125,-0.0078125,-0.0078125,-0.023438,0.0,0.0,0.0
-0.015625,-0.015625,-0.0078125,-0.0078125,-0.023438,-0.015625,-0.023438,-0.0078125,-0.015625
-0.023438,-0.015625,0.0,0.0,-0.0078125,-0.0078125,0.0,0.0,-0.03125
-0.0078125,0.0,-0.015625,0.0078125,-0.0078125,-0.0078125,-0.0078125,0.0,-0.015625
-0.0078125,-0.015625,0.0,0.0,-0.023438,-0.015625,0.0,0.0078125,-0.015625
-0.0078125,-0.0078125,-0.0078125,-0.015625,-0.0078125,0.0,0.0,-0.0078125,-0.0078125
-0.0078125,-0.015625,-0.015625,0.0,0.0,-0.0078125,-0.015625,-0.015625,-0.023438
-0.023438,-0.0078125,-0.015625,-0.0078125,-0.015625,0.0,-0.015625,0.0,-0.023438
-0.023438,-0.0078125,-0.0078125,-0.023438,-0.015625,-0.0078125,-0.0078125,0.0078125,-0.0078125
-0.0078125,-0.015625,0.0078125,-0.0078125,0.0,0.0,-0.0078125,-0.015625,0.0
-0.015625,0.0,-0.0078125,-0.023438,0.0,-0.015625,0.0,-0.0078125,-0.03125
-0.0078125,0.0,0.0,-0.015625,-0.0078125,0.0078125,-0.023438,-0.0078125,-0.015625
-0.015625,-0.0078125,-0.023438,0.0,-0.0078125,-0.0078125,-0.015625,-0.015625,-0.015625
-0.015625,-0.0078125,-0.0078125,-0.0078125,-0.0078125,-0.015625,0.0078125,-0.0078125,-0.0078125
0.0,-0.0078125,-0.0078125,-0.023438,-0.015625,-0.015625,0.0,-0.015625,-0.0078125
0.0078125,-0.0078125,-0.0078125,0.0078125,-0.03125,-0.015625,-0.0078125,-0.015625,0.0
0.0,0.0,-0.015625,-0.023438,-0.015625,0.0,0.0078125,0.0,-0.015625
-0.0078125,-0.0078125,-0.0078125,0.0,-0.023438,0.0,-0.0078125,-0.015625,-0.0078125
-0.0078125,-0.023438,-0.015625,-0.023438,-0.023438,-0.023438,0.0,-0.015625,-0.0078125
-0.0078125,0.0,-0.015625,0.0,0.0,-0.0078125,-0.0078125,-0.023438,-0.0078125
-0.023438,-0.015625,0.03125,-0.023438,-0.03125,0.0,-0.023438,0.0078125,-0.0078125
-0.0078125,-0.0078125,-0.0078125,-0.015625,-0.0078125,-0.023438,-0.023438,0.0,0.0078125
-0.015625,-0.015625,-0.015625,-0.0078125,-0.0078125,-0.0078125,-0.015625,-0.015625,-0.015625
-0.0078125,-0.0078125,0.0,-0.023438,-0.015625,-0.0078125,-0.0078125,-0.0078125,0.0
-0.0078125,0.0,-0.0078125,-0.015625,0.0,-0.015625,0.0,-0.015625,0.0
-0.023438,-0.0078125,-0.015625,0.0,-0.023438,-0.0078125,0.0078125,-0.015625,-0.015625
-0.015625,0.0,0.0078125,-0.015625,-0.015625,-0.023438,0.0,-0.0078125,-0.0078125
-0.015625,-0.015625,-0.015625,-0.023438,0.0078125,-0.015625,0.0,0.0,0.0
-0.0078125,-0.023438,0.0078125,-0.015625,-0.0078125,-0.0078125,-0.015625,-0.015625,0.0
-0.0078125,-0.0078125,0.0,-0.015625,-0.0078125,-0.0078125,-0.0078125,-0.015625,-0.015625
-0.0078125,-0.0078125,-0.015625,-0.015625,-0.015625,-0.023438,-0.0078125,0.0,-0.0078125
-0.0078125,-0.0078125,-0.023438,-0.0078125,-0.023438,-0.0078125,0.0078125,0.0,-0.0078125
-0.015625,0.0,-0.0078125,-0.015625,-0.015625,0.0,0.0,-0.0078125,-0.0078125
-0.023438,-0.0078125,0.0078125,-0.015625,-0.015625,-0.0078125,-0.015625,0.0078125,0.015625
0.0,-0.015625,0.0078125,0.0,-0.015625,0.0,-0.0078125,-0.03125,0.0078125
-0.015625,-0.015625,0.0,-0.0078125,-0.0078125,-0.015625,0.0078125,-0.0078125,-0.0078125
-0.015625,-0.015625,0.0,-0.0078125,-0.023438,-0.0078125,-0.0078125,-0.0078125,-0.015625
-0.03125,0.0,-0.015625,0.0,-0.0078125,-0.015625,-0.0078125,-0.015625,-0.015625
-0.023438,-0.015625,0.0078125,-0.0078125,-0.015625,-0.0078125,-0.023438,-0.0078125,-0.015625
-0.015625,-0.0078125,-0.015625,-0.015625,-0.0078125,0.0,-0.023438,-0.03125,-0.0078125
-0.0078125,0.0,-0.0078125,-0.015625,-0.0078125,-0.015625,0.0078125,0.0,-0.015625
0.0,-0.015625,-0.0078125,0.0078125,0.0078125,-0.015625,0.0,-0.0078125,-0.015625
-0.023438,-0.0078125,-0.0078125,0.0,-0.0078125,-0.015625,-0.0078125,-0.015625,-0.0078125
-0.0078125,-0.03125,0.0078125,0.0,-0.0078125,-0.015625,-0.015625,0.0078125,-0.03125
-0.015625,0.0078125,-0.023438,-0.015625,0.0,-0.015625,-0.0078125,-0.015625,-0.015625
-0.0078125,0.0078125,0.0,0.0,-0.015625,0.0,-0.0078125,-0.015625,0.0078125
-0.023438,0.0,-0.0078125,-0.0078125,-0.023438,-0.023438,0.0,-0.0078125,-0.015625
-0.015625,0.0,-0.015625,0.0,-0.015625,0.0,-0.0078125,0.0,-0.015625
0.0,0.0,-0.0078125,-0.015625,-0.0078125,-0.0078125,-0.0078125,0.0,-0.0078125
-0.0078125,0.0078125,-0.0078125,-0.03125,-0.0078125,-0.03125,0.0078125,-0.0078125,-0.015625
-0.015625,0.0,0.0,-0.015625,-0.0078125,0.0078125,-0.0078125,0.0,-0.023438
0.0,-0.015625,0.0,-0.015625,-0.023438,-0.0078125,-0.0078125,-0.03125,-0.03125
-0.015625,-0.023438,-0.0078125,-0.015625,0.015625,-0.03125,-0.015625,-0.023438,-0.023438
-0.0078125,0.0,0.0,-0.015625,0.0078125,0.0078125,-0.015625,-0.015625,-0.015625
-0.015625,0.0,-0.015625,-0.0078125,-0.0078125,0.0,-0.0078125,-0.015625,-0.0078125
0.0,-0.0078125,-0.0078125,-0.0078125,-0.015625,0.0078125,0.0078125,-0.023438,-0.015625
-0.0078125,-0.015625,-0.0078125,-0.0078125,0.0,-0.015625,0.0,-0.015625,-0.015625
-0.046875,0.078125,-0.09375,-0.054688,0.015625,0.070313,-0.015625,-0.046875,0.09375
-0.10156,0.078125,-0.03125,0.023438,-0.015625,0.015625,-0.023438,0.039063,-0.046875
0.0078125,-0.054688,0.046875,-0.09375,0.0,0.10938,-0.039063,-0.054688,-0.085938
0.085938,-0.070313,-0.015625,-0.023438,0.0625,-0.046875,0.0078125,-0.023438,-0.054688
0.0,-0.03125,-0.03125,-0.0078125,0.046875,-0.0078125,-0.039063,0.039063,-0.0078125
0.0,-0.10938,0.10938,-0.0078125,0.0078125,-0.039063,-0.0078125,-0.03125,-0.015625
0.023438,0.039063,0.015625,-0.054688,-0.070313,-0.039063,-0.046875,0.015625,0.0078125
-0.054688,0.0078125,-0.015625,0.015625,0.0078125,-0.03125,0.0078125,0.0078125,0.023438
0.0,-0.0078125,0.0,-0.0625,-0.023438,-0.03125,-0.039063,0.0078125,-0.03125
-0.0078125,0.03125,-0.03125,-0.023438,0.015625,-0.023438,-0.0078125,-0.0078125,-0.0625
0.0,-0.078125,0.0078125,-0.015625,0.11719,-0.046875,-0.054688,0.09375,0.0
0.046875,0.054688,-0.015625,-0.039063,-0.085938,0.039063,-0.023438,-0.0078125,-0.046875
0.0078125,0.0,-0.046875,-0.0078125,-0.023438,-0.0078125,-0.046875,0.015625,0.023438
-0.070313,0.015625,-0.015625,0.0,-0.015625,-0.023438,0.0,0.023438,-0.0078125
0.0,0.0078125,-0.015625,-0.03125,0.015625,-0.0078125,-0.078125,-0.03125,0.023438
0.039063,-0.023438,-0.0078125,-0.015625,0.0,-0.03125,0.023438,-0.0625,0.0078125
0.015625,-0.039063,-0.023438,-0.0078125,-0.0625,-0.0078125,0.03125,-0.023438,-0.015625
-0.015625,0.023438,-0.10156,0.0078125,-0.023438,-0.0078125,-0.085938,0.0078125,0.0078125
0.0,-0.023438,-0.0078125,-0.054688,0.015625,-0.0078125,-0.03125,0.0078125,0.0078125
-0.0625,0.046875,-0.0078125,0.046875,-0.078125,-0.039063,0.0078125,0.015625,-0.0078125
-0.046875,0.046875,-0.015625,-0.015625,-0.015625,-0.039063,0.03125,-0.054688,0.023438
-0.03125,0.070313,-0.03125,-0.0078125,-0.0078125,-0.023438,-0.0078125,-0.0078125,0.0078125
-0.0078125,-0.015625,-0.039063,0.015625,0.0,-0.03125,0.0,-0.015625,0.03125
-0.015625,0.0,-0.023438,-0.0078125,0.015625,-0.015625,0.0078125,-0.015625,-0.015625
0.070313,-0.03125,-0.0078125,-0.023438,-0.03125,-0.03125,0.015625,-0.023438,-0.0625
-0.0078125,-0.015625,-0.03125,0.015625,0.0078125,-0.015625,-0.0078125,-0.046875,0.0078125
-0.0078125,-0.015625,0.015625,-0.015625,-0.023438,-0.023438,-0.023438,-0.0078125,-0.015625
0.0,0.0,-0.015625,-0.0078125,0.0078125,-0.03125,-0.0078125,0.039063,-0.046875
-0.0078125,0.0078125,-0.0078125,-0.0078125,-0.023438,-0.015625,0.0,-0.0078125,-0.03125
0.0,0.0,0.0,-0.03125,-0.03125,-0.0078125,-0.0078125,-0.0078125,-0.023438
0.015625,-0.015625,0.0,0.0,0.0078125,-0.0078125,-0.015625,0.015625,-0.0078125
0.0078125,-0.0078125,-0.0078125,-0.023438,-0.03125,-0.0078125,0.0,-0.039063,0.03125
-0.023438,0.0078125,-0.015625,0.0,-0.0078125,-0.03125,-0.023438,0.0078125,0.0
-0.039063,-0.0078125,0.0,0.0,0.0,-0.023438,-0.03125,-0.015625,0.015625
-0.015625,-0.015625,-0.023438,-0.03125,0.0,0.0078125,0.0,-0.015625,0.0078125
0.0,-0.023438,-0.015625,-0.0078125,-0.0078125,0.0,-0.023438,-0.039063,-0.0078125
-0.015625,-0.023438,0.0078125,0.0,-0.039063,0.0,-0.0078125,-0.03125,0.0
-0.015625,0.0078125,-0.023438,0.03125,0.0,-0.054688,-0.015625,-0.039063,0.015625
-0.0078125,0.0,-0.023438,0.0078125,-0.015625,0.015625,0.0,-0.015625,-0.0078125
-0.0078125,0.0078125,-0.0078125,-0.023438,0.0078125,-0.070313,0.0,-0.015625,-0.0078125
-0.015625,-0.023438,0.0,-0.023438,-0.03125,0.023438,-0.023438,0.015625,-0.015625
0.015625,-0.0078125,-0.015625,-0.0078125,-0.039063,0.0,0.0,-0.0078125,-0.0078125
0.015625,-0.0078125,-0.0078125,-0.03125,-0.0078125,-0.046875,0.039063,0.0,-0.0078125
-0.0078125,0.0078125,-0.03125,-0.015625,0.0,0.0,-0.039063,-0.015625,-0.0078125
-0.023438,-0.023438,-0.0078125,0.0,-0.039063,-0.023438,0.023438,-0.015625,0.023438
0.0078125,-0.03125,-0.03125,0.0,-0.054688,-0.039063,-0.015625,-0.046875,-0.0078125
0.0078125,-0.03125,0.0,-0.039063,-0.03125,-0.0078125,0.015625,-0.039063,-0.015625
0.023438,-0.023438,-0.0078125,-0.03125,-0.015625,0.0078125,-0.03125,-0.023438,0.0078125
-0.0078125,-0.023438,-0.039063,-0.015625,0.03125,0.0078125,-0.039063,-0.023438,-0.03125
-0.015625,-0.039063,-0.015625,0.015625,-0.023438,0.0,-0.0078125,-0.046875,-0.023438
-0.03125,0.0,-0.03125,0.0078125,-0.015625,0.0,-0.03125,-0.023438,-0.03125
-0.015625,0.046875,-0.023438,-0.015625,0.023438,-0.015625,-0.03125,0.015625,0.0078125
-0.054688,0.015625,-0.023438,-0.046875,-0.015625,0.0078125,0.03125,-0.015625,0.0
-0.0078125,-0.0078125,0.0078125,-0.0078125,-0.0078125,0.046875,-0.023438,0.0,0.015625
-0.0078125,-0.015625,0.0078125,0.0,-0.0078125,-0.015625,0.0,-0.023438,-0.0078125
0.0,-0.015625,-0.0078125,0.0,-0.015625,-0.015625,-0.03125,-0.023438,-0.015625
-0.015625,-0.015625,0.023438,-0.0078125,0.0,-0.03125,-0.023438,-0.0078125,0.0
-0.015625,0.0,0.0,-0.0078125,-0.0078125,-0.03125,0.0078125,0.0,-0.015625
-0.0078125,-0.0078125,-0.015625,0.0078125,-0.0078125,-0.015625,0.0,-0.0078125,-0.015625
-0.0078125,-0.0078125,0.0,-0.015625,-0.0078125,0.015625,-0.023438,-0.023438,0.0
-0.03125,-0.0078125,0.0,-0.0078125,-0.0078125,-0.0078125,0.0,-0.0078125,-0.0078125
0.0,-0.0078125,-0.015625,-0.015625,-0.0078125,-0.0078125,-0.015625,0.023438,-0.0078125
-0.015625,-0.023438,-0.023438,0.0,-0.0078125,-0.0078125,0.0078125,0.0078125,-0.0078125
-0.0078125,-0.023438,0.0,-0.03125,0.0,-0.0078125,-0.0078125,-0.015625,0.0078125
-0.039063,-0.03125,0.0,-0.0078125,0.0078125,0.015625,-0.03125,0.0,-0.023438
0.0,0.0,0.0,0.0078125,-0.023438,-0.015625,0.0,-0.023438,0.0
0.0,-0.015625,-0.0078125,-0.023438,0.0,0.0078125,-0.015625,-0.015625,-0.015625
-0.015625,-0.0078125,-0.015625,0.0,0.0,-0.015625,-0.015625,-0.0078125,-0.015625
0.0,0.015625,0.0,0.0,-0.015625,-0.0078125,-0.0078125,-0.015625,0.0
-0.015625,-0.015625,0.0078125,-0.0078125,-0.03125,0.0078125,-0.015625,0.0,0.0
-0.0078125,-0.023438,-0.015625,-0.023438,-0.0078125,-0.0078125,0.0078125,-0.015625,-0.0078125
-0.0078125,-0.0078125,-0.023438,-0.0078125,-0.015625,-0.0078125,-0.015625,-0.015625,-0.0078125
0.015625,-0.03125,-0.03125,-0.015625,0.0078125,0.0,-0.0078125,-0.0078125,-0.039063
-0.015625,-0.0078125,0.0,0.0078125,-0.023438,-0.015625,0.0,-0.03125,0.0
-0.03125,0.0078125,-0.054688,0.0078125,0.015625,-0.023438,0.0,-0.0078125,0.023438
-0.0078125,-0.0078125,-0.0078125,-0.023438,-0.0078125,0.0078125,-0.054688,0.03125,0.054688
-0.015625,-0.015625,-0.0078125,-0.015625,0.0078125,-0.0078125,-0.046875,-0.015625,0.0
0.0078125,0.0078125,-0.023438,0.0,-0.015625,-0.023438,0.015625,-0.054688,0.015625
0.0,-0.023438,-0.015625,-0.015625,0.0,0.015625,-0.015625,-0.046875,-0.015625
0.0,-0.03125,0.015625,-0.0078125,-0.03125,-0.039063,0.023438,0.0,-0.046875
-0.039063,-0.015625,0.015625,-0.0078125,0.015625,-0.023438,-0.0078125,-0.03125,-0.015625
0.0078125,0.0,0.015625,-0.03125,-0.015625,-0.0078125,0.0078125,-0.03125,0.0
-0.0078125,0.0078125,-0.0078125,0.0,-0.015625,-0.015625,0.015625,-0.0078125,-0.015625
0.015625,-0.015625,0.0078125,-0.03125,0.0,-0.0078125,-0.0078125,0.023438,0.0078125
-0.0078125,-0.03125,0.015625,0.0,0.0,-0.0078125,-0.023438,-0.03125,0.0078125
-0.0078125,-0.0078125,-0.015625,-0.015625,-0.0078125,-0.015625,-0.03125,0.015625,-0.015625
0.0078125,0.0,-0.015625,-0.023438,-0.023438,0.0,-0.03125,0.015625,-0.015625
-0.0078125,-0.023438,0.0078125,0.0,-0.0625,0.0,-0.03125,-0.03125,0.03125
-0.039063,0.0,-0.023438,0.015625,0.03125,-0.039063,-0.03125,-0.023438,-0.023438
0.0078125,-0.015625,-0.0078125,-0.0078125,-0.023438,0.0,0.0,-0.015625,0.0
0.0,-0.03125,-0.0078125,0.015625,-0.039063,-0.0078125,-0.0078125,-0.015625,0.023438
-0.0078125,-0.015625,-0.0078125,-0.0078125,-0.023438,0.0,0.0,-0.0078125,-0.0078125
0.015625,-0.015625,-0.015625,-0.015625,-0.015625,0.0,-0.015625,0.0078125,-0.015625
0.015625,-0.0078125,-0.039063,-0.03125,0.0,-0.0078125,0.0,0.015625,-0.015625
0.015625,0.0078125,-0.03125,-0.0078125,-0.015625,-0.03125,0.023438,0.0,-0.054688
-0.0625,0.015625,-0.0078125,-0.0078125,-0.0078125,-0.023438,-0.023438,0.0,-0.0078125
0.0,-0.023438,-0.023438,-0.0078125,-0.023438,-0.03125,-0.023438,0.0078125,0.0078125
0.03125,-0.015625,-0.015625,-0.046875,0.0,0.015625,-0.0078125,-0.0078125,-0.023438
-0.039063,-0.015625,-0.015625,0.0,0.0078125,-0.023438,0.0,-0.039063,0.015625
0.0078125,-0.015625,-0.015625,-0.015625,-0.0078125,-0.015625,-0.0078125,0.015625,-0.023438
0.0,0.0,-0.023438,-0.0078125,0.015625,0.0078125,0.0,-0.015625,-0.0078125
-0.023438,0.0,-0.023438,0.015625,-0.0078125,-0.015625,-0.015625,0.0,0.0
0.0,-0.023438,-0.015625,-0.023438,0.0,-0.0078125,-0.0078125,0.0078125,0.0
0.0,-0.015625,-0.015625,-0.0078125,-0.03125,-0.015625,-0.0078125,-0.023438,0.0078125
-0.023438,0.0,0.0,-0.023438,-0.0078125,0.015625,-0.0078125,0.0078125,-0.0078125
0.0,0.0078125,-0.0078125,-0.015625,-0.03125,0.03125,-0.015625,0.0078125,-0.0078125
-0.0078125,0.0,-0.015625,0.0078125,0.0078125,-0.023438,-0.0078125,-0.023438,0.0078125
-0.015625,0.0,0.0078125,-0.015625,-0.023438,-0.015625,-0.015625,0.0,-0.0078125
0.0,-0.03125,-0.023438,0.0078125,-0.023438,-0.0078125,-0.0078125,-0.039063,0.0078125
0.023438,-0.015625,-0.023438,-0.023438,0.0078125,-0.0078125,-0.0078125,-0.0078125,0.0078125
-0.03125,-0.0078125,0.0,0.015625,-0.03125,-0.023438,-0.015625,-0.0078125,-0.039063
-0.023438,0.0,0.023438,-0.0078125,-0.023438,-0.0078125,-0.023438,0.0078125,-0.0078125
-0.023438,0.0,-0.0078125,-0.023438,0.0078125,-0.023438,0.03125,-0.0078125,-0.015625
0.0,-0.023438,-0.03125,-0.015625,-0.015625,-0.03125,-0.0078125,-0.015625,-0.0078125
-0.015625,-0.023438,0.0,0.0,-0.015625,0.0078125,-0.023438,-0.023438,-0.015625
-0.023438,-0.023438,-0.0078125,-0.0078125,-0.0078125,-0.015625,0.03125,-0.0078125,0.0
-0.015625,0.0,-0.03125,0.03125,-0.0078125,0.0,0.0,-0.0078125,-0.023438
-0.0078125,-0.0078125,-0.03125,-0.0078125,-0.023438,0.0,-0.039063,0.03125,0.015625
0.015625,0.015625,-0.015625,-0.023438,-0.039063,0.015625,0.015625,-0.023438,-0.054688
0.015625,-0.015625,0.0078125,0.015625,0.0,-0.015625,-0.046875,-0.0078125,0.0
-0.0078125,0.015625,0.0,0.0,0.0,-0.015625,-0.023438,-0.015625,-0.0078125
0.023438,-0.0078125,-0.015625,0.0,-0.023438,-0.015625,0.0,0.0,-0.015625
0.015625,-0.023438,-0.0078125,-0.0078125,-0.039063,0.0078125,-0.015625,-0.015625,0.015625
-0.0078125,-0.0078125,-0.023438,0.0,-0.0078125,-0.023438,-0.023438,0.023438,-0.0078125
-0.015625,0.0,0.0,0.015625,-0.023438,-0.0078125,0.015625,-0.0078125,-0.0078125
-0.023438,-0.03125,0.0078125,-0.03125,-0.0078125,-0.015625,0.0,0.0,-0.0078125
-0.015625,-0.015625,-0.015625,-0.023438,-0.0078125,-0.0078125,-0.0078125,0.0078125,-0.0078125
-0.023438,-0.015625,0.0,-0.015625,-0.0078125,0.023438,-0.0078125,-0.015625,0.0078125
-0.023438,0.0,-0.0078125,-0.023438,0.0078125,-0.015625,-0.015625,0.015625,-0.046875
-0.015625,0.0625,-0.0078125,-0.0078125,-0.03125,-0.03125,0.0,-0.0078125,-0.015625
0.0078125,-0.0078125,-0.015625,-0.0078125,0.0,0.0,-0.0078125,0.015625,-0.015625
-0.015625,0.015625,-0.015625,0.0078125,-0.03125,-0.0078125,0.0078125,0.0,0.0
-0.03125,-0.0078125,0.0,0.039063,-0.0078125,-0.039063,0.0078125,-0.023438,0.0
0.015625,-0.023438,-0.03125,-0.0078125,-0.015625,-0.015625,-0.015625,-0.03125,-0.0078125
-0.0078125,-0.0078125,-0.0078125,-0.015625,-0.03125,-0.0078125,0.0,-0.0078125,0.0
0.0078125,-0.023438,-0.015625,-0.0078125,0.023438,-0.015625,-0.023438,-0.0078125,-0.023438
-0.0078125,0.0,-0.015625,-0.015625,-0.0078125,0.0,0.0078125,-0.03125,-0.0078125
0.03125,-0.039063,-0.023438,0.0,-0.03125,0.023438,-0.03125,-0.023438,-0.03125
-0.023438,-0.046875,0.03125,-0.070313,-0.039063,-0.085938,0.125,-0.023438,-0.0078125
-0.22656,0.26563,-0.03125,-0.039063,-0.10938,-0.125,0.125,0.11719,-0.023438
0.0,-0.10156,0.10156,-0.23438,0.24219,0.03125,-0.11719,0.015625,-0.10156
-0.085938,0.125,0.078125,-0.054688,-0.11719,0.0,0.085938,0.054688,-0.15625
-0.085938,0.125,-0.023438,-0.070313,-0.10156,0.10938,0.0,0.0078125,-0.11719
0.023438,-0.039063,0.03125,-0.078125,0.070313,-0.14063,0.25781,-0.09375,-0.015625
-0.070313,0.0,-0.10938,-0.023438,0.21875,-0.0625,0.015625,-0.078125,-0.125
-0.0625,0.0078125,-0.054688,-0.0078125,0.03125,-0.039063,0.023438,0.046875,-0.09375
0.125,0.015625,-0.11719,-0.13281,0.070313,-0.039063,0.10156,0.09375,-0.078125
0.039063,-0.10156,0.054688,-0.0625,-0.27344,0.28125,-0.0625,0.14844,0.0
-0.039063,0.0625,0.0625,-0.039063,-0.046875,0.039063,-0.0078125,-0.070313,-0.039063
0.015625,-0.085938,-0.03125,0.023438,0.015625,-0.078125,-0.03125,0.046875,-0.0078125
-0.10156,-0.0078125,0.0625,0.023438,-0.046875,-0.0625,0.023438,0.015625,-0.078125
-0.03125,-0.070313,0.023438,0.023438,-0.070313,-0.054688,0.039063,-0.0078125,-0.039063
-0.046875,-0.070313,0.015625,0.023438,-0.023438,-0.054688,0.023438,0.039063,-0.046875
-0.03125,-0.054688,0.015625,0.046875,-0.054688,-0.046875,0.03125,0.039063,-0.046875
-0.078125,-0.03125,0.03125,0.0,-0.0625,-0.015625,0.046875,0.023438,-0.10938
-0.046875,-0.070313,0.0078125,0.046875,-0.0078125,-0.085938,0.039063,-0.0078125,-0.046875
-0.0078125,-0.015625,-0.015625,-0.03125,-0.015625,0.03125,-0.023438,-0.015625,0.015625
0.015625,-0.015625,-0.0078125,-0.015625,-0.015625,-0.023438,0.015625,-0.023438,-0.015625
0.0078125,-0.078125,-0.0078125,0.015625,-0.023438,-0.0078125,0.0,-0.015625,0.0
-0.023438,-0.023438,-0.0078125,0.0,-0.0078125,-0.023438,-0.015625,0.0078125,-0.015625
-0.0078125,0.0,-0.015625,-0.0078125,0.023438,-0.0078125,-0.0078125,0.0,-0.039063
-0.0078125,-0.015625,-0.015625,-0.015625,-0.023438,0.015625,-0.0078125,0.0,-0.03125
0.054688,-0.03125,-0.046875,-0.023438,-0.015625,-0.0078125,0.023438,0.0,-0.039063
-0.046875,0.0,0.0078125,-0.023438,-0.03125,0.0,-0.023438,-0.015625,-0.03125
0.03125,-0.023438,0.023438,-0.070313,0.0078125,0.015625,0.0,-0.015625,0.0
0.039063,-0.023438,-0.03125,-0.0078125,0.0,0.0,-0.023438,-0.085938,0.0625
-0.015625,0.015625,0.023438,-0.023438,-0.015625,-0.023438,0.054688,-0.09375,-0.046875
0.03125,-0.0078125,-0.023438,-0.0078125,0.0,-0.023438,-0.0078125,0.0,-0.054688
-0.078125,0.070313,0.11719,-0.03125,-0.046875,-0.03125,-0.039063,0.03125,-0.03125
-0.03125,0.023438,-0.023438,0.0078125,-0.023438,-0.023438,-0.0078125,0.015625,-0.0078125
-0.046875,-0.023438,-0.0078125,0.0,0.023438,-0.03125,0.0078125,-0.0078125,-0.023438
0.015625,-0.015625,0.0078125,0.070313,-0.046875,-0.023438,-0.039063,0.015625,0.023438
-0.023438,0.0078125,-0.015625,-0.054688,0.0,0.015625,-0.03125,-0.03125,-0.046875
-0.03125,-0.023438,-0.046875,0.023438,-0.023438,-0.023438,-0.023438,-0.0078125,0.023438
0.015625,0.0,-0.023438,0.0,-0.0078125,-0.023438,-0.054688,0.015625,0.015625
0.0,-0.0625,-0.046875,0.023438,0.09375,-0.14063,0.0078125,-0.023438,0.054688
-0.015625,-0.0078125,0.0,-0.03125,-0.039063,0.0,0.023438,0.015625,-0.023438
0.0078125,0.0,-0.039063,-0.0078125,-0.023438,0.0078125,-0.0078125,0.0078125,0.0078125
-0.023438,0.015625,-0.023438,-0.023438,0.0,-0.015625,0.023438,0.0078125,-0.03125
-0.023438,0.0,-0.0078125,-0.0078125,0.0,0.0,0.0,-0.039063,0.03125
-0.046875,-0.015625,-0.039063,0.0078125,-0.03125,0.0078125,0.0078125,-0.046875,0.023438
-0.015625,-0.054688,0.023438,-0.015625,-0.03125,0.015625,0.0,-0.015625,-0.023438
-0.0078125,-0.015625,0.0,-0.054688,-0.0078125,-0.015625,0.03125,-0.023438,-0.0078125
-0.0078125,-0.039063,-0.023438,-0.03125,-0.0078125,0.0078125,-0.10156,0.125,-0.046875
0.10156,-0.023438,0.03125,-0.046875,0.0,-0.023438,0.0,0.015625,-0.070313
0.0,-0.03125,-0.039063,0.0078125,-0.015625,0.023438,0.0078125,-0.023438,-0.015625
0.039063,-0.023438,-0.0078125,-0.085938,0.015625,-0.015625,0.0078125,-0.023438,-0.039063
-0.023438,0.0,-0.03125,-0.046875,0.0,-0.023438,0.023438,-0.03125,0.0078125
-0.015625,-0.03125,-0.015625,0.0078125,-0.03125,-0.015625,0.015625,0.0,-0.039063
0.0,-0.03125,0.03125,-0.0078125,-0.015625,-0.039063,-0.023438,0.0078125,0.0078125
-0.015625,0.0,0.0,-0.039063,0.0,0.0,-0.054688,-0.023438,0.0625
-0.03125,-0.015625,0.015625,-0.03125,-0.0078125,0.0,0.0,0.0,-0.015625
0.0,-0.046875,0.015625,-0.0078125,-0.039063,-0.03125,0.0078125,-0.015625,-0.0078125
-0.023438,0.015625,-0.015625,-0.015625,-0.015625,0.039063,-0.070313,-0.023438,0.0
0.0078125,-0.03125,-0.015625,-0.03125,-0.015625,0.0,-0.039063,0.0,-0.0078125
-0.015625,-0.023438,-0.023438,0.03125,-0.015625,0.0,0.0,-0.0078125,-0.0078125
-0.023438,-0.0078125,0.015625,0.0,-0.0078125,-0.023438,-0.023438,-0.0078125,-0.0078125
-0.023438,-0.03125,-0.03125,-0.0078125,0.023438,0.0078125,0.0078125,-0.015625,-0.039063
-0.023438,0.0,-0.0078125,-0.0078125,0.0,-0.015625,-0.03125,0.0,-0.015625
-0.023438,0.0,-0.046875,0.0,-0.03125,-0.046875,-0.015625,-0.023438,-0.0078125
-0.039063,0.0,-0.0078125,-0.046875,0.023438,-0.0078125,-0.039063,0.015625,0.0
0.023438,-0.023438,-0.0078125,-0.015625,0.015625,-0.0078125,0.03125,-0.023438,-0.03125
0.03125,0.0,-0.0078125,0.0078125,-0.070313,0.03125,-0.039063,-0.015625,0.03125
-0.015625,-0.015625,-0.0078125,0.0078125,-0.0078125,-0.03125,0.0,-0.023438,0.0
0.0078125,0.0078125,0.0,0.0,0.015625,-0.046875,-0.023438,-0.023438,0.0078125
-0.0078125,-0.039063,0.0078125,0.0,-0.023438,-0.023438,-0.015625,0.0,-0.03125
0.0,-0.03125,0.0,-0.015625,-0.0078125,-0.023438,0.0078125,-0.0078125,0.0
0.0078125,-0.054688,0.015625,-0.039063,0.0,0.0,0.0,-0.0078125,-0.054688
-0.015625,-0.023438,0.015625,-0.054688,-0.015625,0.0,-0.023438,0.078125,0.0
-0.039063,-0.023438,-0.0078125,-0.015625,0.015625,-0.03125,-0.023438,-0.0078125,-0.015625
-0.023438,0.023438,-0.015625,0.046875,-0.015625,-0.10156,0.023438,-0.039063,0.054688
0.054688,-0.03125,-0.0078125,-0.039063,0.039063,-0.046875,0.023438,-0.078125,0.054688
0.0078125,-0.023438,-0.023438,-0.015625,0.0,-0.03125,0.015625,-0.039063,-0.015625
-0.039063,-0.015625,0.03125,0.0,0.015625,0.0078125,-0.125,-0.015625,-0.046875
0.0078125,0.023438,-0.085938,0.0078125,-0.039063,0.0078125,0.015625,-0.0078125,-0.078125
-0.015625,0.0078125,-0.070313,0.039063,-0.0078125,-0.0625,-0.015625,-0.03125,-0.039063
-0.046875,0.046875,-0.015625,-0.039063,0.03125,0.03125,-0.054688,0.039063,-0.046875
-0.015625,-0.03125,-0.023438,0.023438,0.023438,0.0078125,-0.03125,-0.03125,0.015625
