-0.023438,-0.039063,-0.0078125,-0.0078125.1,0.0078125,-0.0078125.2,-0.0078125.3,-0.015625,-0.0078125.4
-0.0078125,-0.023438,0.0,0.0,-0.015625,0.0,-0.015625,-0.0078125,-0.0078125
-0.0078125,0.0,-0.015625,-0.0078125,0.0,-0.015625,-0.0078125,-0.0078125,-0.023438
0.0078125,-0.0078125,-0.023438,-0.0078125,-0.023438,0.0,0.0,-0.0078125,-0.023438
-0.023438,-0.0078125,0.0,0.0078125,-0.0078125,-0.0078125,-0.0078125,-0.015625,0.0
-0.0078125,-0.0078125,0.0,-0.015625,-0.023438,-0.0078125,-0.0078125,-0.0078125,0.0
0.0,-0.0078125,-0.0078125,-0.015625,0.0078125,-0.0078125,-0.0078125,0.0078125,-0.0078125
-0.015625,0.0,-0.015625,-0.0078125,-0.015625,-0.023438,-0.015625,-0.0078125,-0.023438
-0.0078125,-0.0078125,-0.023438,-0.0078125,0.0,-0.0078125,-0.0078125,-0.0078125,-0.0078125
-0.015625,-0.0078125,-0.0078125,-0.0078125,0.0,-0.015625,-0.0078125,-0.0078125,-0.0078125
-0.023438,-0.015625,-0.023438,-0.015625,-0.023438,0.0,-0.0078125,0.0,0.015625
0.0,0.0,-0.0078125,-0.0078125,-0.0078125,0.0,0.0,-0.023438,-0.0078125
-0.015625,0.0,0.0,-0.023438,-0.0078125,-0.0078125,-0.0078125,0.0,0.0
0.0,-0.0078125,0.0,-0.0078125,-0.023438,-0.0078125,0.0,-0.0078125,0.0
-0.015625,-0.015625,0.0,-0.0078125,-0.023438,-0.015625,-0.0078125,-0.023438,0.0
-0.015625,-0.015625,-0.015625,0.0078125,-0.0078125,-0.023438,0.0,-0.015625,-0.023438
0.0,-0.0078125,0.0,-0.0078125,-0.0078125,-0.015625,-0.0078125,0.0,-0.0078125
-0.0078125,-0.0078125,0.0,0.0078125,-0.023438,-0.023438,-0.015625,-0.0078125,-0.0078125
-0.0078125,-0.015625,0.0,0.0078125,-0.0078125,-0.0078125,-0.023438,0.0,0.0
0.0,-0.0078125,-0.015625,-0.0078125,-0.015625,-0.0078125,-0.015625,-0.0078125,-0.0078125
-0.0078125,-0.0078125,0.0,-0.0078125,-0.0078125,0.0078125,-0.015625,-0.015625,-0.015625
-0.015625,0.0,-0.015625,0.0078125,-0.0078125,0.0,-0.015625,-0.023438,-0.015625
-0.023438,-0.0078125,-0.015625,-0.015625,-0.015625,-0.015625,0.0,0.0,-0.0078125
-0.0078125,-0.015625,-0.0078125,0.0,-0.0078125,-0.015625,0.0,-0.0078125,-0.015625
0.0,-0.0078125,-0.015625,-0.0078125,-0.0078125,-0.015625,-0.015625,0.0078125,-0.0078125
0.0,-0.023438,-0.015625,-0.015625,-0.0078125,0.0,-0.0078125,0.0,0.0078125
-0.015625,-0.023438,-0.0078125,0.015625,-0.0078125,-0.0078125,0.0,0.0078125,-0.015625
-0.015625,-0.023438,-0.015625,-0.0078125,0.0,-0.023438,-0.0078125,0.0,0.0
0.0,-0.015625,-0.015625,0.0,-0.015625,-0.0078125,-0.023438,-0.015625,-0.0078125
-0.015625,-0.03125,-0.015625,-0.023438,-0.0078125,0.0,0.0,-0.03125,-0.0078125
0.0,-0.023438,0.015625,-0.023438,-0.015625,-0.015625,-0.0078125,0.0,0.0
-0.0078125,-0.015625,-0.0078125,0.0,0.0,-0.015625,-0.015625,-0.0078125,-0.0078125
-0.015625,0.0,-0.015625,-0.015625,0.0,0.0078125,0.015625,-0.0078125,-0.015625
-0.0078125,-0.015625,0.015625,0.0,0.0,-0.015625,-0.023438,-0.0078125,0.0078125
-0.0078125,-0.015625,-0.015625,-0.023438,-0.03125,0.0,0.0,-0.015625,0.015625
-0.0078125,-0.015625,0.0,-0.015625,-0.0078125,0.0078125,-0.0078125,-0.023438,-0.0078125
0.0078125,0.0,-0.0078125,-0.0078125,-0.023438,-0.023438,-0.0078125,-0.0078125,0.0
-0.015625,0.0,-0.023438,-0.023438,0.0,-0.0078125,-0.0078125,-0.0078125,-0.023438
-0.0078125,-0.023438,-0.023438,-0.015625,-0.023438,0.0,-0.023438,0.0,-0.0078125
0.0,-0.015625,-0.0078125,-0.023438,-0.023438,-0.0078125,-0.023438,-0.015625,0.0
-0.015625,0.0,-0.0078125,-0.023438,-0.023438,-0.0078125,0.0,-0.0078125,-0.023438
-0.023438,-0.0078125,0.0,0.0,-0.0078125,-0.0078125,-0.023438,-0.0078125,-0.0078125
-0.0078125,0.0078125,-0.015625,-0.0078125,-0.015625,-0.0078125,-0.0078125,0.0,-0.015625
-0.0078125,-0.0078125,-0.0078125,-0.0078125,-0.0078125,-0.015625,-0.023438,0.0078125,0.0078125
-0.023438,-0.0078125,0.0,-0.03125,-0.0078125,0.0,0.0,-0.0078125,0.0
-0.023438,-0.0078125,-0.015625,-0.015625,0.0,0.0,-0.0078125,0.0,-0.0078125
-0.0078125,-0.0078125,-0.015625,-0.0078125,-0.015625,-0.023438,-0.0078125,-0.03125,0.0
-0.0078125,-0.0078125,-0.0078125,-0.0078125,-0.0078125,-0.015625,-0.015625,-0.023438,-0.015625
-0.0078125,-0.0078125,-0.015625,-0.0078125,-0.0078125,-0.0078125,0.0,-0.0078125,-0.023438
-0.023438,-0.0078125,0.0,-0.0078125,0.0,-0.0078125,-0.023438,-0.023438,-0.015625
-0.0078125,-0.023438,0.0,0.0078125,-0.015625,-0.015625,-0.023438,-0.0078125,-0.015625
-0.0078125,-0.023438,-0.015625,0.0,-0.0078125,0.0078125,-0.015625,0.0078125,-0.0078125
-0.023438,-0.0078125,-0.015625,0.0,0.0,-0.0078125,0.0,-0.023438,-0.015625
-0.0078125,-0.0078125,-0.015625,0.0,0.0,-0.0078125,-0.023438,-0.015625,-0.023438
-0.015625,-0.0078125,-0.0078125,0.0,-0.0078125,-0.0078125,-0.0078125,-0.0078125,-0.0078125
-0.0078125,0.0,-0.0078125,-0.03125,-0.0078125,-0.0078125,0.0,-0.015625,-0.0078125
0.0,-0.023438,-0.015625,-0.015625,-0.0078125,0.0,-0.0078125,-0.0078125,0.0
-0.015625,0.0,-0.0078125,0.0078125,-0.015625,-0.0078125,0.0,-0.015625,-0.0078125
0.0,-0.0078125,0.0,-0.0078125,-0.0078125,-0.0078125,-0.0078125,0.0,-0.015625
-0.023438,-0.0078125,-0.0078125,0.015625,0.0,-0.03125,-0.0078125,-0.0078125,-0.0078125
-0.015625,-0.023438,-0.0078125,-0.023438,0.0,0.0,-0.0078125,-0.023438,-0.0078125
-0.0078125,-0.0078125,-0.0078125,-0.015625,0.0078125,-0.023438,-0.0078125,-0.023438,-0.015625
-0.015625,0.0078125,0.0078125,-0.015625,-0.015625,-0.0078125,-0.0078125,-0.015625,-0.023438
-0.03125,-0.0078125,0.0,0.0,-0.023438,-0.015625,-0.039063,-0.023438,0.0
-0.023438,0.0078125,-0.015625,-0.0078125,0.0,-0.015625,-0.0078125,-0.0078125,-0.023438
-0.0078125,-0.015625,-0.015625,-0.0078125,-0.0078125,0.0,-0.03125,-0.015625,-0.015625
-0.023438,-0.0078125,-0.015625,-0.0078125,-0.023438,0.0,-0.0078125,-0.015625,-0.023438
-0.023438,-0.023438,-0.023438,-0.015625,-0.0078125,-0.0078125,0.0,-0.023438,0.0
-0.023438,-0.0078125,-0.0078125,-0.0078125,-0.015625,-0.0078125,-0.0078125,-0.0078125,-0.0078125
0.0078125,-0.015625,0.0,-0.015625,-0.015625,-0.015625,-0.0078125,0.0,-0.015625
-0.0078125,-0.03125,-0.015625,-0.015625,-0.023438,-0.015625,0.0,-0.0078125,-0.0078125
-0.0078125,-0.0078125,-0.0078125,-0.015625,0.0,0.0,0.0,-0.015625,-0.023438
-0.015625,0.0078125,0.0,-0.015625,-0.023438,-0.015625,-0.015625,-0.0078125,0.0
0.0,-0.015625,-0.0078125,0.0,-0.0078125,-0.0078125,0.0,-0.015625,-0.0078125
-0.0078125,-0.0078125,-0.023438,-0.0078125,-0.0078125,-0.0078125,-0.015625,-0.015625,-0.023438
-0.023438,-0.015625,-0.023438,-0.0078125,-0.0078125,-0.0078125,0.0,-0.0078125,-0.0078125
-0.015625,-0.0078125,-0.0078125,-0.0078125,-0.015625,-0.0078125,-0.023438,-0.015625,-0.0078125
-0.0078125,0.0,-0.015625,-0.0078125,0.0078125,-0.0078125,-0.0078125,-0.023438,-0.015625
-0.023438,-0.0078125,0.0,-0.015625,-0.0078125,0.0078125,-0.015625,-0.015625,-0.0078125
-0.0078125,-0.0078125,-0.015625,-0.03125,-0.0078125,-0.0078125,0.0,-0.0078125,-0.0078125
-0.015625,-0.023438,-0.023438,-0.015625,0.0078125,0.0,-0.0078125,-0.0078125,-0.0078125
-0.0078125,-0.0078125,0.0,-0.015625,0.0,-0.015625,-0.023438,-0.0078125,0.0
-0.015625,0.0,-0.015625,0.0,-0.015625,-0.0078125,-0.0078125,-0.0078125,0.0
0.0078125,0.0,-0.023438,0.0,-0.015625,-0.023438,-0.0078125,-0.015625,-0.015625
-0.015625,0.0078125,-0.03125,-0.0078125,-0.0078125,-0.015625,-0.0078125,0.0,-0.0078125
-0.015625,-0.0078125,-0.023438,-0.023438,0.0078125,-0.015625,-0.0078125,0.0,-0.015625
-0.0078125,-0.0078125,-0.015625,0.0,0.0,-0.015625,-0.0078125,-0.015625,-0.0078125
-0.015625,-0.015625,-0.03125,0.0,0.0078125,-0.023438,-0.023438,-0.0078125,0.0
0.0078125,-0.015625,-0.0078125,0.0,0.0,-0.0078125,-0.015625,-0.015625,-0.015625
-0.0078125,-0.0078125,-0.0078125,-0.0078125,-0.023438,0.0078125,0.0,-0.0078125,-0.015625
-0.0078125,-0.015625,0.0,-0.015625,-0.0078125,0.0078125,-0.023438,-0.0078125,-0.015625
0.0078125,0.0,-0.0078125,-0.023438,-0.0078125,-0.0078125,-0.0078125,0.0,-0.015625
-0.0078125,-0.0078125,-0.023438,-0.015625,-0.0078125,0.0,0.0078125,-0.015625,-0.0078125
0.0078125,0.0,-0.0078125,-0.015625,-0.0078125,-0.023438,0.0,-0.015625,0.0
-0.015625,-0.0078125,0.0,0.0,0.0,0.0,-0.015625,-0.023438,0.0
-0.023438,-0.015625,0.0,0.0078125,-0.0078125,0.0,-0.03125,-0.015625,-0.0078125
-0.0078125,0.0078125,0.0,-0.015625,-0.0078125,0.0,-0.0078125,-0.0078125,-0.023438
-0.0078125,-0.0078125,-0.0078125,0.015625,0.0078125,-0.015625,-0.03125,-0.0078125,-0.0078125
-0.023438,0.0,-0.0078125,-0.0078125,-0.015625,-0.0078125,-0.015625,0.0078125,-0.023438
0.0078125,-0.023438,-0.0078125,-0.0078125,-0.0078125,0.0078125,-0.015625,-0.015625,-0.015625
0.0,-0.0078125,-0.015625,0.0,-0.023438,-0.0078125,-0.015625,0.0,-0.0078125
0.0,-0.023438,0.0,-0.023438,0.0078125,-0.0078125,-0.0078125,-0.015625,-0.0078125
-0.015625,-0.023438,-0.015625,-0.0078125,0.0,-0.0078125,-0.0078125,-0.0078125,-0.0078125
0.0,-0.0078125,-0.0078125,-0.0078125,-0.023438,-0.015625,0.0078125,-0.0078125,0.0
0.015625,-0.023438,-0.023438,-0.0078125,-0.0078125,-0.0078125,0.0,0.0,-0.0078125
-0.0078125,-0.023438,-0.023438,-0.015625,-0.0078125,0.015625,0.0,-0.015625,-0.023438
-0.0078125,-0.0078125,0.0,-0.039063,0.0,-0.0078125,-0.015625,-0.0078125,-0.023438
0.0,-0.0078125,-0.039063,0.0078125,-0.015625,-0.0078125,0.0,0.0078125,-0.0078125
-0.0078125,-0.0078125,0.0,-0.0078125,0.0,-0.0078125,0.0,-0.0078125,-0.023438
-0.015625,-0.023438,0.0,0.0,0.0,0.0078125,0.0,-0.015625,-0.015625
-0.015625,-0.03125,-0.015625,0.015625,-0.015625,-0.023438,-0.0078125,-0.0078125,0.0
-0.015625,-0.0078125,-0.015625,-0.0078125,-0.0078125,0.015625,-0.0078125,0.0,0.0
0.015625,-0.023438,-0.0078125,0.023438,-0.0078125,0.0,-0.015625,-0.0078125,-0.015625
-0.023438,-0.015625,-0.0078125,-0.0078125,-0.0078125,0.0,0.0078125,-0.0078125,-0.023438
-0.015625,-0.015625,-0.0078125,-0.0078125,-0.015625,-0.023438,-0.0078125,-0.0078125,0.0
-0.0078125,-0.0078125,-0.015625,-0.0078125,-0.015625,-0.015625,-0.015625,-0.0078125,-0.0078125
0.0,0.0,-0.015625,-0.0078125,0.0078125,-0.0078125,-0.0078125,-0.015625,-0.015625
-0.015625,-0.015625,0.0,0.0,-0.015625,-0.015625,0.0,-0.0078125,0.0078125
-0.0078125,-0.0078125,-0.0078125,-0.023438,0.0078125,-0.015625,-0.0078125,0.0,0.0078125
-0.015625,-0.0078125,0.0078125,0.0,-0.015625,-0.015625,0.0,-0.0078125,-0.0078125
-0.0078125,0.0,-0.015625,-0.0078125,-0.015625,0.0,-0.023438,0.0,-0.023438
-0.03125,-0.023438,0.0,0.0,-0.0078125,0.0,-0.023438,-0.015625,-0.0078125
0.0078125,-0.0078125,0.0,0.0,-0.0078125,0.0,-0.0078125,-0.023438,-0.0078125
-0.015625,-0.023438,-0.03125,0.0,0.0078125,0.0,0.0078125,-0.023438,0.0
-0.023438,-0.023438,-0.023438,0.015625,0.0,-0.015625,-0.03125,-0.023438,-0.0078125
-0.0078125,-0.0078125,0.0078125,-0.023438,-0.0078125,-0.0078125,-0.015625,-0.015625,0.0078125
0.0,-0.015625,-0.023438,-0.0078125,0.0,0.0,0.0,-0.015625,-0.0078125
-0.015625,-0.015625,-0.0078125,0.0,0.0,0.0,0.0,0.0,-0.023438
-0.015625,-0.015625,-0.0078125,0.0,-0.0078125,0.0078125,-0.0078125,-0.015625,-0.023438
-0.015625,-0.0078125,-0.0078125,-0.015625,-0.0078125,0.0078125,0.0078125,0.0,-0.015625
-0.039063,0.0078125,-0.0078125,-0.015625,-0.0078125,0.0,-0.0078125,-0.0078125,-0.015625
0.0,-0.015625,-0.015625,-0.023438,0.0,-0.0078125,-0.0078125,0.0,-0.0078125
-0.0078125,0.0,-0.015625,-0.0078125,-0.015625,-0.0078125,-0.015625,-0.0078125,-0.0078125
-0.0078125,-0.023438,-0.023438,-0.0078125,0.0,-0.0078125,-0.0078125,-0.0078125,-0.0078125
0.0078125,-0.0078125,0.0,-0.015625,-0.0078125,-0.0078125,-0.0078125,0.0078125,0.0
-0.0078125,-0.0078125,-0.0078125,-0.0078125,-0.0078125,-0.015625,-0.023438,0.0078125,-0.0078125
0.0,0.0,-0.0078125,-0.0078125,-0.015625,-0.0078125,-0.015625,-0.015625,-0.023438
-0.0078125,-0.0078125,-0.0078125,-0.015625,-0.0078125,-0.0078125,-0.015625,-0.0078125,-0.015625
-0.015625,-0.023438,-0.0078125,-0.015625,0.0,0.0078125,-0.023438,-0.023438,0.0
-0.0078125,-0.0078125,0.0,-0.023438,-0.015625,-0.0078125,-0.0078125,-0.0078125,-0.015625
-0.015625,-0.023438,-0.0078125,0.0078125,0.0,-0.0078125,-0.0078125,-0.0078125,-0.023438
-0.0078125,-0.015625,-0.0078125,-0.0078125,0.0,-0.015625,-0.0078125,-0.0078125,-0.0078125
-0.0078125,-0.0078125,-0.0078125,-0.015625,-0.0078125,-0.015625,-0.0078125,0.0,-0.015625
-0.0078125,-0.0078125,0.0,-0.015625,0.0,-0.0078125,-0.015625,-0.0078125,-0.015625
-0.0078125,-0.015625,-0.015625,-0.015625,-0.015625,0.0,-0.015625,-0.0078125,-0.0078125
-0.0078125,-0.0078125,-0.0078125,0.0,-0.0078125,-0.039063,0.0,-0.015625,-0.0078125
-0.0078125,-0.015625,-0.0078125,0.0,-0.0078125,-0.015625,-0.023438,-0.0078125,-0.0078125
-0.023438,-0.0078125,0.0,-0.015625,-0.0078125,0.0078125,-0.015625,0.0,-0.023438
0.0,-0.0078125,-0.0078125,-0.015625,0.0,-0.023438,0.0,-0.0078125,-0.0078125
-0.0078125,-0.0078125,-0.015625,-0.0078125,-0.0078125,-0.015625,0.0,-0.015625,0.0078125
-0.023438,-0.023438,-0.0078125,0.0,0.0,-0.015625,0.0,-0.015625,-0.015625
0.0,-0.015625,-0.0078125,-0.0078125,-0.023438,-0.0078125,-0.0078125,-0.0078125,0.0078125
-0.0078125,-0.015625,-0.023438,-0.015625,-0.015625,-0.015625,-0.0078125,-0.0078125,0.0
-0.015625,-0.023438,-0.023438,-0.023438,0.0,0.0,0.0,-0.0078125,0.0078125
-0.0078125,0.0078125,0.0,-0.0078125,-0.0078125,-0.0078125,-0.023438,-0.0078125,-0.023438
-0.0078125,0.0,-0.0078125,-0.0078125,-0.0078125,-0.015625,-0.015625,0.0078125,-0.023438
-0.0078125,-0.0078125,0.0,-0.015625,-0.0078125,0.0,0.0,0.0,-0.023438
-0.0078125,-0.023438,-0.023438,-0.0078125,-0.0078125,-0.0078125,-0.0078125,-0.0078125,0.0
-0.0078125,-0.015625,-0.0078125,-0.0078125,-0.015625,-0.0078125,-0.015625,-0.015625,0.0078125
-0.0078125,0.0,-0.015625,0.0,0.0,-0.0078125,-0.0078125,-0.0078125,-0.0078125
-0.0078125,-0.0078125,0.0,-0.015625,-0.015625,-0.015625,-0.023438,-0.0078125,-0.015625
0.0078125,0.0,0.0078125,-0.015625,-0.0078125,0.0,-0.0078125,-0.0078125,-0.015625
0.015625,-0.0078125,-0.0078125,-0.023438,-0.0078125,-0.015625,0.0,-0.0078125,-0.023438
0.0,-0.0078125,-0.0078125,-0.015625,-0.03125,-0.015625,-0.0078125,0.0,0.0
-0.023438,0.0,-0.015625,-0.015625,-0.015625,0.0,0.0,0.0,-0.015625
-0.0078125,-0.015625,-0.0078125,-0.0078125,-0.015625,-0.0078125,-0.023438,-0.015625,0.0
-0.015625,-0.015625,-0.0078125,-0.023438,0.0,-0.015625,-0.0078125,0.0,-0.0078125
0.0,-0.023438,-0.015625,0.0,-0.0078125,-0.0078125,-0.015625,-0.015625,-0.0078125
0.0,-0.0078125,-0.023438,-0.015625,-0.0078125,-0.0078125,-0.023438,-0.023438,-0.0078125
-0.0078125,-0.015625,-0.015625,0.0078125,-0.023438,0.0,-0.023438,-0.015625,0.0
-0.015625,-0.0078125,0.0078125,-0.0078125,-0.0078125,-0.0078125,-0.0078125,-0.015625,-0.0078125
0.0,-0.0078125,-0.0078125,-0.0078125,-0.015625,-0.0078125,-0.0078125,0.0,-0.03125
0.0,-0.0078125,-0.015625,0.0,-0.015625,-0.015625,-0.0078125,-0.015625,-0.0078125
-0.015625,-0.0078125,0.0,-0.015625,-0.0078125,-0.0078125,-0.015625,-0.015625,0.0
-0.0078125,-0.0078125,-0.015625,-0.0078125,-0.023438,-0.015625,-0.023438,0.0078125,0.0
-0.015625,0.0,-0.023438,-0.015625,-0.0078125,-0.0078125,-0.0078125,-0.0078125,0.0078125
0.0078125,-0.0078125,-0.023438,-0.015625,-0.0078125,0.0,-0.0078125,0.0,-0.0078125
-0.0078125,-0.0078125,0.0,0.0,0.0,-0.015625,-0.015625,0.0078125,-0.015625
-0.015625,-0.0078125,-0.015625,-0.023438,0.0,-0.0078125,-0.015625,0.0,-0.0078125
0.0,-0.0078125,0.0,-0.015625,-0.0078125,-0.015625,-0.0078125,-0.015625,0.0
-0.0078125,-0.023438,0.0,0.0,0.015625,-0.0078125,-0.023438,-0.0078125,-0.015625
-0.015625,-0.0078125,-0.0078125,0.0,-0.015625,0.0,-0.015625,-0.015625,-0.0078125
-0.015625,-0.0078125,-0.015625,0.0,-0.0078125,0.0,0.0,-0.023438,-0.015625
0.023438,-0.0078125,-0.0078125,-0.023438,-0.03125,0.0,0.0,-0.0078125,-0.0078125
-0.0078125,0.0,-0.023438,-0.015625,-0.023438,-0.0078125,-0.015625,-0.023438,-0.0078125
-0.015625,0.0078125,-0.03125,-0.039063,-0.015625,0.0,-0.0078125,0.0,-0.015625
-0.0078125,-0.03125,-0.023438,-0.015625,-0.0078125,-0.0078125,0.0,-0.0078125,-0.023438
0.0,-0.0078125,-0.015625,-0.023438,-0.015625,-0.015625,-0.0078125,-0.0078125,0.0
-0.0078125,-0.023438,-0.015625,-0.0078125,-0.015625,-0.0078125,0.0,-0.0078125,0.0078125
0.0,-0.015625,-0.0078125,0.0,-0.023438,-0.0078125,-0.0078125,-0.03125,-0.015625
0.0,-0.015625,0.0,0.0078125,-0.03125,-0.015625,-0.0078125,-0.015625,-0.015625
0.0,-0.0078125,-0.0078125,-0.015625,0.0078125,0.0,-0.023438,-0.023438,-0.015625
-0.0078125,-0.0078125,-0.023438,0.0,0.0,0.0,-0.0078125,-0.023438,0.0
-0.0078125,-0.015625,-0.023438,-0.0078125,-0.0078125,-0.023438,-0.015625,-0.015625,-0.015625
-0.015625,-0.03125,-0.015625,-0.023438,0.0,-0.015625,-0.0078125,-0.015625,0.0
-0.015625,-0.015625,0.0,-0.015625,-0.0078125,-0.015625,-0.0078125,0.0,-0.0078125
0.0,-0.023438,0.0,-0.0078125,-0.015625,-0.0078125,0.0,0.0078125,-0.0078125
-0.015625,-0.015625,0.0,0.015625,-0.015625,-0.015625,0.0,-0.015625,-0.015625
-0.015625,-0.0078125,0.0078125,0.0,0.0078125,-0.015625,-0.03125,-0.023438,-0.015625
0.0,0.0,-0.015625,-0.015625,-0.015625,-0.0078125,-0.0078125,-0.015625,-0.015625
0.0078125,0.0,-0.0078125,-0.0078125,-0.015625,0.0,-0.015625,0.0,0.0078125
-0.015625,-0.0078125,-0.023438,0.0,0.0,-0.015625,0.0,-0.0078125,-0.0078125
-0.015625,-0.0078125,-0.0078125,-0.015625,-0.0078125,-0.0078125,-0.015625,-0.0078125,0.0
-0.015625,-0.015625,-0.0078125,0.0,-0.015625,-0.0078125,0.0,-0.015625,0.0
-0.023438,-0.0078125,-0.015625,-0.0078125,-0.0078125,-0.0078125,-0.0078125,0.0,-0.0078125
-0.023438,-0.015625,-0.0078125,-0.015625,-0.023438,-0.023438,-0.0078125,-0.0078125,-0.015625
-0.0078125,-0.0078125,-0.015625,-0.015625,-0.015625,-0.023438,-0.0078125,0.0078125,-0.015625
-0.0078125,-0.03125,-0.0078125,0.0078125,0.0,-0.0078125,-0.0078125,-0.0078125,0.015625
-0.0078125,-0.015625,-0.015625,-0.0078125,0.0,-0.0078125,0.0,-0.03125,-0.0078125
-0.015625,-0.015625,-0.015625,0.0,0.0,0.0,-0.0078125,0.0,-0.015625
-0.0078125,-0.0078125,-0.015625,-0.0078125,-0.023438,-0.0078125,-0.023438,-0.0078125,0.015625
-0.0078125,-0.015625,-0.0078125,-0.015625,0.015625,-0.015625,0.0,0.0,-0.015625
0.0,-0.0078125,0.0,-0.0078125,0.0,0.0,-0.023438,-0.023438,-0.0078125
-0.015625,0.0,-0.0078125,0.0,-0.015625,-0.015625,-0.015625,-0.015625,-0.0078125
-0.0078125,-0.015625,-0.0078125,-0.0078125,-0.023438,-0.015625,-0.0078125,-0.0078125,0.0078125
-0.0078125,-0.0078125,0.0,-0.015625,-0.015625,-0.0078125,-0.0078125,-0.0078125,-0.0078125
0.0,0.0,-0.023438,-0.0078125,0.0078125,-0.023438,-0.015625,-0.0078125,-0.015625
-0.0078125,-0.015625,0.0,-0.0078125,-0.023438,0.0,-0.0078125,0.0,-0.015625
-0.015625,-0.0078125,-0.0078125,0.0078125,-0.015625,0.0,-0.0078125,-0.0078125,-0.015625
-0.023438,-0.0078125,-0.0078125,-0.015625,-0.015625,0.0,-0.015625,-0.015625,-0.0078125
-0.023438,-0.015625,-0.023438,-0.0078125,-0.0078125,-0.0078125,-0.015625,-0.0078125,-0.015625
0.0,-0.0078125,-0.0078125,-0.0078125,-0.015625,-0.015625,-0.0078125,0.0078125,0.0
-0.0078125,0.0078125,-0.0078125,-0.0078125,-0.015625,-0.0078125,-0.023438,-0.03125,0.0
-0.015625,0.0,-0.0078125,0.0078125,0.0,0.0,-0.0078125,-0.0078125,0.0
0.0,-0.015625,-0.0078125,0.0078125,-0.0078125,-0.023438,-0.0078125,-0.015625,0.0
-0.015625,0.0,-0.015625,-0.0078125,0.0,-0.0078125,-0.015625,-0.0078125,-0.023438
-0.0078125,0.0078125,0.015625,-0.0078125,-0.023438,-0.023438,-0.015625,-0.0078125,0.0
-0.0078125,-0.015625,-0.0078125,-0.0078125,-0.015625,0.0078125,-0.023438,-0.015625,-0.023438
-0.0078125,-0.015625,-0.015625,-0.015625,-0.015625,-0.023438,-0.0078125,0.0,-0.0078125
0.0,-0.023438,-0.0078125,-0.015625,0.0,-0.015625,0.0,0.0,-0.015625
-0.015625,-0.015625,0.0,-0.023438,-0.03125,0.0,0.0,-0.023438,-0.0078125
-0.03125,-0.015625,-0.0078125,-0.023438,0.0078125,-0.0078125,-0.023438,0.0,-0.015625
-0.0078125,-0.015625,-0.0078125,-0.0078125,-0.0078125,0.0078125,-0.0078125,-0.015625,-0.0078125
-0.015625,-0.0078125,-0.0078125,-0.015625,0.0,0.0078125,0.0078125,-0.015625,-0.0078125
-0.0078125,0.0,-0.0078125,-0.0078125,-0.0078125,-0.0078125,0.0,-0.015625,-0.023438
0.0,-0.0078125,0.0,0.0,-0.03125,0.0,-0.015625,0.0,-0.015625
0.0,-0.0078125,-0.015625,-0.015625,-0.015625,-0.0078125,-0.0078125,-0.015625,-0.0078125
-0.015625,-0.0078125,0.0,-0.023438,0.0078125,-0.0078125,-0.023438,-0.0078125,-0.015625
-0.03125,0.0,-0.023438,-0.0078125,-0.015625,-0.023438,-0.015625,0.0,0.0
0.0,0.0,0.0,-0.03125,0.0078125,0.0,0.0,-0.0078125,0.0
-0.0078125,-0.015625,0.0,-0.0078125,-0.015625,0.0,0.0,-0.0078125,0.0078125
-0.023438,0.0,-0.0078125,-0.023438,-0.015625,-0.015625,0.0,-0.015625,0.0
0.0,-0.015625,-0.015625,-0.015625,-0.023438,-0.0078125,0.0,-0.0078125,-0.0078125
-0.015625,-0.0078125,-0.0078125,-0.0078125,-0.015625,-0.0078125,0.0,-0.023438,0.0
0.0078125,0.0,-0.0078125,-0.0078125,0.0,-0.015625,-0.03125,-0.015625,-0.0078125
-0.015625,-0.0078125,-0.0078125,-0.0078125,0.0,-0.0078125,-0.023438,0.0,-0.023438
-0.015625,0.0078125,0.0,-0.0078125,-0.015625,-0.0078125,-0.0078125,0.0,-0.023438
-0.0078125,0.0078125,0.0,-0.0078125,-0.015625,-0.015625,-0.015625,0.0078125,-0.015625
0.0,0.0,-0.023438,-0.023438,-0.0078125,-0.015625,0.0,0.0,-0.015625
-0.0078125,-0.015625,0.0,-0.015625,-0.0078125,-0.015625,-0.0078125,0.0078125,-0.0078125
-0.023438,-0.015625,0.0,-0.0078125,-0.015625,0.0,-0.0078125,0.0078125,0.0
-0.015625,-0.015625,-0.0078125,-0.015625,0.0078125,-0.015625,-0.0078125,-0.023438,0.0
0.0,-0.0078125,-0.0078125,-0.023438,0.0,-0.015625,0.0,-0.015625,-0.0078125
-0.0078125,-0.0078125,-0.023438,-0.015625,-0.023438,-0.015625,0.0,-0.015625,0.0
0.0,-0.015625,-0.023438,0.0,-0.039063,-0.023438,0.0,-0.015625,-0.015625
-0.015625,0.0,-0.03125,-0.0078125,-0.015625,-0.0078125,0.0078125,-0.015625,-0.0078125
-0.015625,-0.0078125,-0.0078125,-0.0078125,-0.0078125,-0.015625,-0.0078125,-0.0078125,-0.015625
-0.03125,0.0,-0.015625,-0.0078125,-0.0078125,-0.015625,0.0,-0.015625,-0.015625
-0.015625,-0.015625,-0.015625,0.0,0.0,-0.0078125,-0.015625,-0.0078125,-0.015625
0.0,-0.023438,0.0,-0.0078125,-0.015625,-0.015625,-0.015625,-0.015625,-0.0078125
-0.015625,-0.0078125,-0.023438,-0.015625,-0.0078125,-0.0078125,-0.0078125,-0.0078125,-0.015625
0.0078125,-0.015625,-0.0078125,-0.015625,-0.0078125,-0.0078125,-0.023438,-0.0078125,-0.015625
-0.015625,0.0,-0.015625,0.0,-0.015625,-0.0078125,-0.015625,-0.0078125,0.0
-0.0078125,-0.015625,-0.015625,-0.015625,-0.0078125,-0.0078125,-0.015625,-0.023438,-0.015625
-0.015625,-0.015625,-0.0078125,-0.015625,-0.015625,-0.023438,-0.015625,0.015625,-0.015625
-0.015625,-0.0078125,-0.015625,-0.0078125,-0.015625,-0.0078125,-0.0078125,-0.015625,0.0
-0.0078125,0.0,-0.015625,-0.015625,-0.0078125,0.0,0.0078125,0.0078125,-0.015625
0.0,-0.0078125,-0.015625,-0.015625,-0.0078125,-0.0078125,-0.0078125,-0.0078125,-0.023438
-0.015625,0.0,0.0,-0.015625,-0.03125,-0.0078125,-0.015625,0.0078125,-0.0078125
-0.0078125,-0.015625,-0.0078125,-0.015625,0.0,-0.0078125,-0.0078125,-0.0078125,-0.0078125
0.0,-0.015625,-0.0078125,-0.0078125,-0.0078125,-0.015625,-0.023438,-0.015625,-0.015625
-0.0078125,0.0,-0.015625,-0.0078125,-0.0078125,0.0,-0.015625,0.0,-0.023438
-0.015625,0.0,0.0,0.0,-0.0078125,-0.0078125,-0.015625,-0.0078125,-0.023438
0.0,0.0,-0.023438,0.0,-0.015625,0.0,-0.0078125,-0.015625,-0.0078125
0.0,-0.0078125,0.0078125,-0.015625,-0.015625,0.0,-0.015625,-0.015625,-0.023438
-0.0078125,-0.023438,-0.0078125,0.0,-0.015625,-0.0078125,-0.0078125,-0.023438,-0.015625
-0.0078125,0.0,-0.0078125,-0.015625,-0.015625,0.0,-0.023438,0.0078125,-0.0078125
-0.0078125,0.0078125,-0.015625,0.0,-0.015625,0.0,-0.023438,0.0,-0.0078125
-0.015625,-0.015625,0.0078125,-0.015625,-0.015625,-0.015625,0.0,-0.0078125,-0.0078125
-0.0078125,-0.0078125,0.0,-0.0078125,0.0,-0.015625,-0.015625,0.0,-0.0078125
-0.0078125,-0.0078125,0.0,-0.015625,-0.0078125,-0.0078125,-0.015625,-0.015625,0.0
0.0,0.0,0.0,-0.015625,0.0078125,0.0,-0.0078125,0.0078125,-0.015625
0.0078125,-0.0078125,-0.0078125,-0.0078125,-0.015625,-0.0078125,0.0,-0.0078125,-0.0078125
0.0,-0.0078125,-0.015625,-0.015625,0.0,-0.015625,-0.023438,0.0078125,-0.015625
-0.015625,0.015625,-0.015625,-0.0078125,-0.0078125,-0.0078125,-0.0078125,-0.015625,-0.0078125
0.0,0.0,-0.0078125,-0.015625,-0.015625,0.0,-0.0078125,-0.0078125,-0.023438
-0.0078125,0.0,0.0078125,-0.015625,-0.015625,0.0,-0.0078125,0.0078125,-0.023438
-0.023438,0.0,-0.023438,-0.015625,0.0,-0.0078125,-0.0078125,0.0078125,-0.015625
-0.0078125,-0.0078125,0.0,0.015625,-0.0078125,0.0,-0.015625,-0.015625,-0.015625
-0.0078125,-0.0078125,-0.0078125,-0.0078125,-0.015625,-0.015625,-0.023438,-0.0078125,-0.015625
-0.015625,-0.015625,-0.015625,-0.015625,0.0078125,-0.023438,0.0078125,-0.015625,0.0078125
0.0,-0.015625,-0.0078125,-0.015625,-0.0078125,-0.0078125,-0.015625,-0.015625,-0.015625
0.0078125,-0.015625,-0.015625,-0.0078125,-0.0078125,-0.015625,0.0,-0.015625,-0.023438
-0.015625,-0.015625,-0.015625,-0.0078125,-0.0078125,-0.0078125,0.0078125,-0.0078125,0.0078125
-0.015625,-0.015625,-0.015625,-0.0078125,0.0,-0.015625,-0.0078125,-0.015625,-0.015625
-0.0078125,-0.0078125,-0.015625,-0.0078125,0.0078125,-0.0078125,-0.0078125,-0.0078125,-0.0078125
-0.023438,-0.0078125,0.0,-0.0078125,-0.023438,0.0,0.0,0.0078125,-0.0078125
-0.0078125,-0.0078125,0.0,-0.0078125,-0.0078125,-0.0078125,-0.015625,-0.0078125,-0.015625
-0.023438,-0.0078125,-0.0078125,-0.0078125,-0.015625,-0.015625,0.0,0.0078125,-0.015625
-0.015625,-0.0078125,-0.0078125,-0.015625,-0.0078125,-0.023438,0.0078125,-0.0078125,-0.023438
-0.023438,-0.0078125,-0.015625,-0.0078125,-0.015625,-0.0078125,-0.023438,0.0078125,-0.0078125
-0.0078125,-0.0078125,-0.0078125,-0.023438,-0.03125,-0.015625,-0.023438,0.0,-0.0078125
-0.023438,-0.0078125,0.015625,-0.023438,-0.023438,0.0,-0.015625,-0.0078125,-0.0078125
0.0,-0.0078125,-0.0078125,-0.015625,-0.0078125,-0.023438,-0.023438,-0.023438,-0.015625
-0.015625,-0.0078125,0.0,-0.0078125,-0.0078125,-0.0078125,-0.0078125,-0.015625,-0.015625
-0.015625,0.0078125,-0.015625,0.0078125,-0.0078125,-0.03125,-0.015625,0.0078125,-0.015625
-0.023438,0.0,0.0,-0.015625,-0.015625,0.0,-0.015625,0.0078125,-0.023438
-0.0078125,-0.015625,-0.023438,0.0,0.0078125,0.0,-0.023438,-0.023438,-0.0078125
0.0,-0.015625,-0.0078125,-0.023438,-0.0078125,-0.0078125,-0.0078125,-0.015625,-0.023438
-0.023438,0.0,-0.0078125,0.0078125,-0.023438,-0.0078125,-0.0078125,-0.0078125,-0.0078125
0.0,-0.0078125,-0.023438,-0.0078125,-0.0078125,-0.0078125,-0.0078125,-0.015625,0.0078125
-0.0078125,-0.015625,-0.0078125,-0.023438,-0.0078125,0.0,-0.015625,-0.015625,0.0
-0.015625,-0.0078125,-0.0078125,-0.015625,-0.023438,-0.0078125,0.0,-0.0078125,-0.0078125
-0.015625,-0.03125,-0.0078125,0.0078125,-0.015625,0.0078125,0.0078125,-0.023438,-0.0078125
-0.0078125,0.0,0.0078125,-0.015625,-0.0078125,0.0,-0.0078125,-0.0078125,0.015625
-0.0078125,-0.015625,-0.0078125,-0.023438,-0.023438,-0.015625,0.0,0.0078125,-0.0078125
-0.023438,-0.015625,0.0,-0.0078125,0.0078125,-0.023438,0.03125,-0.015625,-0.023438
0.0,-0.023438,0.0,-0.015625,-0.0078125,-0.015625,0.0,-0.015625,-0.0078125
-0.015625,-0.0078125,-0.0078125,-0.015625,-0.0078125,-0.023438,0.015625,-0.0078125,-0.0078125
-0.0078125,-0.0078125,0.0,-0.023438,0.0,-0.0078125,-0.015625,-0.015625,-0.015625
-0.015625,-0.015625,0.0,-0.015625,-0.0078125,-0.0078125,-0.0078125,0.015625,-0.0078125
-0.023438,-0.015625,0.0078125,-0.0078125,-0.03125,-0.0078125,-0.0078125,-0.015625,-0.0078125
-0.03125,0.0078125,-0.023438,0.0,-0.0078125,0.0,-0.015625,-0.0078125,-0.023438
-0.0078125,-0.0078125,-0.0078125,-0.023438,-0.015625,-0.015625,-0.015625,0.0,-0.0078125
-0.015625,-0.03125,0.0,-0.0078125,-0.015625,-0.03125,-0.0078125,0.0,-0.0078125
-0.03125,-0.015625,-0.015625,-0.0078125,-0.015625,-0.0078125,-0.0078125,-0.03125,-0.023438
-0.015625,-0.023438,0.0,0.0,-0.015625,-0.0078125,-0.015625,-0.015625,-0.0078125
0.0,0.0078125,-0.023438,0.0078125,0.0,-0.015625,-0.015625,0.0078125,-0.023438
0.0,-0.023438,-0.015625,-0.0078125,-0.023438,-0.023438,-0.015625,0.015625,-0.015625
-0.015625,0.0,-0.03125,0.0,0.0,-0.0078125,-0.0078125,0.023438,-0.015625
-0.015625,0.0,-0.015625,-0.03125,-0.023438,-0.023438,0.0,-0.0078125,-0.023438
-0.023438,-0.0078125,0.0,-0.015625,-0.015625,-0.015625,0.0078125,-0.015625,-0.0078125
-0.023438,0.015625,-0.023438,-0.0078125,-0.015625,-0.0078125,-0.0078125,-0.023438,0.0
0.0078125,-0.0078125,-0.015625,-0.015625,-0.0078125,0.0,-0.023438,-0.0078125,0.0
-0.0078125,-0.0078125,0.0078125,-0.023438,-0.0078125,-0.015625,-0.015625,-0.0078125,-0.023438
-0.0078125,-0.015625,-0.0078125,-0.0078125,0.0,-0.023438,-0.015625,-0.015625,0.0
0.0,0.0078125,-0.0078125,-0.015625,-0.0078125,0.0,0.0,-0.015625,-0.023438
-0.023438,-0.015625,-0.0078125,-0.0078125,-0.0078125,-0.015625,0.0078125,-0.015625,-0.0078125
-0.015625,0.015625,-0.015625,-0.0078125,-0.0078125,-0.03125,-0.023438,0.023438,-0.023438
-0.023438,-0.0078125,0.0,-0.0078125,-0.0078125,-0.0078125,0.0,-0.023438,-0.023438
0.0,-0.015625,-0.0078125,-0.0078125,0.015625,-0.023438,-0.0078125,-0.023438,-0.015625
-0.015625,-0.015625,0.0,-0.0078125,-0.0078125,-0.0078125,-0.0078125,-0.0078125,-0.0078125
0.0,-0.015625,0.0,-0.015625,-0.015625,-0.015625,0.0,0.0078125,-0.0078125
-0.0078125,-0.023438,0.0,0.0,-0.0078125,-0.0078125,0.0078125,-0.0078125,0.0
0.0078125,-0.0078125,-0.023438,-0.0078125,-0.0078125,-0.0078125,-0.0078125,-0.015625,0.0078125
0.023438,-0.0078125,-0.0078125,-0.0078125,0.0078125,-0.015625,-0.03125,0.0,0.015625
-0.0078125,-0.0078125,0.0,0.0,-0.03125,-0.03125,-0.0078125,0.0,-0.0078125
-0.015625,-0.0078125,0.0,-0.015625,-0.015625,-0.023438,0.0,-0.015625,-0.0078125
0.0,-0.015625,0.0,-0.0078125,-0.0078125,-0.015625,-0.023438,0.0,-0.015625
0.0,-0.015625,0.0,-0.015625,-0.0078125,-0.023438,-0.03125,-0.015625,-0.0078125
-0.03125,-0.015625,0.015625,-0.015625,-0.0078125,-0.023438,-0.0078125,-0.0078125,-0.015625
-0.0078125,0.0078125,-0.0078125,-0.015625,-0.023438,-0.015625,0.0,-0.0078125,-0.015625
-0.0078125,-0.023438,0.0,0.0,-0.0078125,-0.023438,0.015625,-0.0078125,-0.0078125
0.0078125,-0.023438,0.0078125,-0.015625,-0.03125,-0.0078125,-0.0078125,0.015625,-0.0078125
-0.0078125,0.0,0.0078125,0.0078125,0.0,-0.015625,0.0,-0.023438,-0.0078125
0.0078125,0.0,-0.023438,-0.03125,0.0078125,-0.0078125,-0.015625,0.0,0.0078125
0.0,-0.023438,-0.023438,-0.0078125,-0.0078125,0.0078125,-0.023438,0.0,0.015625
-0.015625,-0.0078125,0.0,-0.023438,-0.023438,-0.023438,0.015625,0.0,0.0
0.0,-0.0078125,0.0,0.0,-0.015625,-0.0078125,-0.015625,0.015625,-0.015625
-0.0078125,-0.015625,0.0,-0.015625,-0.0078125,-0.015625,-0.0078125,0.023438,0.0
0.0,0.0,-0.015625,0.015625,-0.023438,-0.03125,-0.015625,0.0,-0.015625
-0.015625,0.0078125,-0.015625,-0.0078125,-0.0078125,0.015625,-0.015625,-0.015625,-0.015625
-0.0078125,-0.0078125,-0.0078125,-0.023438,0.0,-0.0078125,0.0,-0.015625,-0.0078125
-0.0078125,0.0,0.0,-0.03125,0.0,-0.015625,-0.015625,-0.015625,0.0078125
-0.0078125,-0.03125,0.015625,0.0,-0.015625,-0.0078125,0.015625,-0.015625,-0.015625
-0.015625,0.0078125,-0.0078125,-0.023438,-0.015625,0.0078125,-0.046875,-0.0078125,-0.015625
0.0,0.0,-0.015625,-0.023438,-0.015625,0.0,-0.015625,-0.015625,-0.0078125
-0.0078125,0.0,-0.023438,-0.03125,-0.0078125,-0.0078125,-0.015625,-0.015625,-0.015625
0.0078125,-0.015625,-0.023438,-0.023438,0.015625,-0.015625,-0.015625,-0.023438,0.0
-0.0078125,-0.015625,-0.0078125,0.0,-0.03125,0.0,-0.0078125,-0.0078125,-0.0078125
-0.015625,-0.015625,0.0,0.0,-0.03125,-0.0078125,-0.0078125,-0.023438,-0.0078125
-0.015625,-0.015625,0.0,0.0,-0.0078125,-0.023438,-0.0078125,-0.015625,0.0
0.0,0.0,-0.03125,-0.023438,0.0078125,-0.023438,-0.023438,-0.0078125,0.0
-0.015625,0.0,-0.0078125,-0.023438,-0.03125,-0.015625,-0.015625,-0.015625,-0.023438
-0.015625,0.0078125,-0.015625,-0.023438,-0.0078125,-0.0078125,-0.03125,0.0,-0.023438
0.0078125,-0.0078125,-0.015625,-0.015625,0.015625,-0.015625,-0.015625,-0.015625,0.0078125
0.0,-0.015625,-0.015625,-0.015625,0.015625,-0.0078125,0.0,-0.0078125,0.0
-0.015625,-0.023438,-0.015625,0.0,-0.0078125,-0.0078125,-0.023438,0.0,-0.0078125
0.0078125,-0.023438,-0.023438,-0.03125,0.0,-0.03125,-0.023438,-0.015625,0.0
-0.015625,-0.023438,-0.0078125,-0.015625,0.0,-0.0078125,0.0,0.0,-0.015625
-0.03125,-0.015625,0.015625,0.0,-0.023438,-0.03125,-0.0078125,-0.015625,-0.015625
-0.015625,-0.023438,-0.0078125,-0.015625,-0.03125,-0.015625,-0.015625,0.0,-0.0078125
-0.03125,-0.0078125,0.0078125,-0.023438,-0.015625,-0.0078125,0.023438,-0.0078125,-0.0078125
-0.015625,-0.0078125,-0.0078125,0.0078125,-0.0078125,-0.015625,-0.0078125,0.0,-0.0078125
-0.015625,-0.015625,0.0,0.0078125,-0.0078125,-0.0078125,-0.0078125,-0.0078125,-0.015625
-0.015625,-0.015625,-0.023438,0.0078125,-0.0078125,-0.015625,-0.015625,0.0078125,-0.0078125
0.0078125,-0.0078125,0.0078125,0.0,-0.0078125,-0.023438,0.0,-0.023438,-0.023438
-0.023438,0.0,-0.0078125,0.015625,-0.0078125,-0.0078125,-0.023438,0.0078125,-0.0078125
-0.03125,-0.015625,0.0078125,0.0078125,-0.0078125,-0.015625,0.015625,0.0078125,-0.015625
-0.0078125,-0.015625,-0.015625,0.0,-0.0078125,-0.023438,-0.0078125,0.0,-0.0078125
-0.0078125,0.0,-0.03125,-0.023438,-0.023438,0.0,-0.015625,-0.015625,0.015625
0.0,-0.015625,-0.023438,-0.015625,-0.015625,0.0,-0.015625,-0.03125,0.0078125
-0.023438,-0.015625,-0.015625,0.015625,-0.0078125,-0.015625,-0.0078125,0.0,-0.015625
-0.0078125,-0.0078125,0.0078125,-0.023438,-0.023438,0.0,0.015625,-0.015625,0.0
-0.0078125,-0.023438,0.0078125,-0.0078125,-0.015625,-0.0078125,0.015625,-0.015625,-0.015625
-0.015625,-0.015625,-0.0078125,0.015625,-0.015625,0.0,-0.015625,0.0,-0.023438
0.015625,-0.023438,-0.015625,-0.023438,0.0078125,-0.015625,-0.015625,-0.015625,0.015625
-0.015625,-0.023438,-0.03125,0.0078125,-0.0078125,-0.015625,-0.015625,0.015625,-0.015625
-0.015625,0.0,0.0,-0.015625,-0.0078125,0.0,-0.023438,-0.023438,0.0078125
0.015625,-0.015625,-0.023438,-0.023438,0.015625,-0.015625,-0.015625,-0.0078125,0.0078125
-0.0078125,-0.0078125,-0.0078125,0.0,-0.0078125,-0.0078125,-0.015625,0.0,-0.0078125
-0.015625,-0.0078125,-0.015625,-0.023438,0.0,0.0078125,-0.0078125,-0.03125,0.0
0.0078125,-0.023438,0.0,-0.015625,-0.03125,-0.03125,0.0078125,-0.0078125,-0.0078125
-0.015625,-0.023438,0.0078125,-0.015625,-0.023438,-0.0078125,0.015625,-0.0078125,-0.03125
-0.0078125,-0.0078125,-0.015625,-0.0078125,-0.015625,-0.015625,-0.015625,-0.015625,-0.0078125
0.0078125,-0.0078125,-0.023438,-0.03125,0.0,-0.023438,-0.015625,-0.015625,0.0078125
-0.0078125,-0.023438,0.0078125,-0.015625,-0.023438,-0.023438,0.015625,0.0,-0.015625
-0.015625,0.0078125,-0.0078125,-0.015625,-0.023438,0.0,-0.023438,-0.023438,-0.015625
-0.023438,-0.0078125,0.0078125,-0.0078125,-0.015625,-0.03125,0.0,-0.015625,-0.015625
-0.03125,-0.023438,0.0078125,0.0,-0.015625,-0.039063,0.0078125,-0.0078125,0.0
0.0,-0.015625,-0.023438,-0.0078125,0.0,-0.0078125,-0.0078125,0.0078125,0.0
0.0078125,-0.015625,-0.023438,-0.015625,-0.0078125,0.0,-0.015625,-0.023438,0.015625
0.0078125,-0.023438,0.0,-0.015625,0.0078125,0.0,-0.015625,-0.015625,0.015625
-0.03125,-0.03125,-0.023438,0.0078125,-0.0078125,-0.0078125,0.0,0.015625,-0.015625
-0.0078125,-0.015625,-0.03125,-0.0078125,-0.0078125,-0.0078125,-0.015625,0.0078125,-0.0078125
-0.023438,-0.023438,-0.015625,0.0078125,-0.023438,0.0,-0.03125,0.0,-0.015625
-0.015625,-0.03125,-0.0078125,0.0,-0.0078125,-0.03125,-0.0078125,0.0,-0.03125
0.0,-0.015625,-0.015625,0.015625,0.0,-0.03125,-0.023438,-0.0078125,0.0
-0.03125,-0.023438,0.0078125,0.0078125,-0.0078125,-0.03125,-0.015625,-0.0078125,-0.015625
0.015625,-0.0078125,0.0,-0.023438,0.0078125,-0.015625,-0.023438,-0.023438,0.0
-0.0078125,0.03125,-0.0078125,-0.023438,-0.023438,0.0078125,-0.015625,-0.023438,-0.015625
-0.0078125,-0.023438,-0.015625,0.0078125,-0.015625,-0.0078125,-0.023438,0.0,-0.0078125
-0.0078125,-0.015625,0.0,0.015625,-0.015625,-0.039063,-0.015625,0.015625,-0.015625
0.0,0.0,-0.0078125,0.0,0.0078125,-0.0078125,-0.015625,0.0,-0.0078125
-0.0078125,-0.023438,-0.023438,0.0078125,0.0,-0.023438,-0.03125,0.015625,0.0
-0.015625,-0.03125,-0.015625,0.0,-0.0078125,-0.023438,-0.023438,0.0,0.0
-0.03125,-0.023438,0.0,0.0078125,-0.015625,-0.0078125,-0.0078125,0.015625,-0.0078125
-0.023438,-0.015625,0.0,0.0078125,-0.023438,-0.015625,-0.015625,0.015625,-0.0078125
0.023438,0.0,0.0078125,0.0,0.0078125,-0.015625,-0.015625,0.0,0.0
0.015625,-0.015625,-0.023438,-0.0078125,0.0,-0.015625,-0.023438,0.015625,0.0
-0.03125,-0.023438,-0.0078125,-0.015625,-0.015625,-0.023438,0.023438,-0.015625,0.0
-0.015625,-0.0078125,0.0078125,-0.023438,-0.0078125,-0.015625,0.023438,-0.0078125,-0.015625
-0.0078125,-0.039063,0.0078125,0.0,-0.023438,-0.0078125,-0.0078125,0.0078125,-0.015625
-0.0078125,-0.015625,0.0,0.0078125,-0.015625,-0.015625,-0.03125,0.0,-0.023438
0.0,-0.023438,-0.015625,0.0078125,-0.023438,0.0,-0.015625,0.0078125,-0.0078125
-0.015625,0.0,-0.0078125,-0.023438,-0.015625,0.0078125,-0.015625,0.0,-0.0078125
-0.023438,-0.0078125,-0.015625,0.0,-0.023438,-0.0078125,0.0,0.015625,-0.023438
0.0,-0.015625,-0.03125,-0.015625,0.015625,0.0,-0.015625,0.0078125,0.0
0.0078125,-0.0078125,-0.023438,-0.0078125,-0.0078125,-0.015625,-0.03125,0.0,0.0078125
-0.023438,-0.023438,0.0,0.0,-0.015625,-0.03125,-0.0078125,-0.0078125,-0.0078125
-0.015625,-0.0078125,0.0,-0.0078125,-0.015625,-0.015625,-0.0078125,0.0,-0.015625
0.015625,-0.015625,0.0,-0.015625,0.0078125,-0.015625,0.0,0.0,0.0
-0.015625,0.015625,-0.0078125,-0.023438,-0.03125,-0.0078125,-0.0078125,0.0078125,-0.023438
0.0,0.0078125,-0.015625,-0.0078125,0.0,0.0078125,-0.015625,-0.023438,-0.0078125
-0.0078125,-0.03125,-0.023438,0.015625,-0.0078125,0.0,0.0,-0.015625,-0.015625
-0.0078125,-0.023438,-0.015625,0.015625,-0.023438,0.0078125,-0.03125,-0.0078125,-0.023438
-0.015625,-0.023438,0.0,-0.015625,-0.023438,-0.0078125,0.0078125,0.0,-0.015625
-0.0078125,0.0,-0.0078125,-0.023438,0.0,0.023438,-0.015625,-0.023438,-0.0078125
-0.023438,-0.015625,-0.0078125,0.023438,-0.015625,-0.015625,-0.03125,0.0,-0.023438
0.0,-0.0078125,-0.015625,-0.015625,0.0078125,-0.015625,-0.015625,-0.03125,0.015625
-0.0078125,-0.0078125,-0.023438,-0.0078125,-0.015625,-0.015625,-0.023438,0.0,0.0
-0.03125,-0.015625,0.0,0.0,-0.015625,-0.023438,-0.015625,0.0,-0.015625
-0.023438,-0.0078125,-0.015625,0.0,-0.03125,-0.0078125,-0.015625,0.015625,0.0
-0.03125,-0.015625,0.015625,-0.0078125,-0.015625,-0.023438,0.0078125,-0.015625,-0.023438
-0.023438,-0.023438,0.015625,0.0,-0.0078125,-0.03125,0.0,-0.0078125,-0.023438
-0.023438,-0.0078125,-0.015625,-0.023438,-0.0078125,-0.03125,0.0,0.0078125,-0.0078125
-0.0078125,-0.023438,-0.015625,0.0078125,-0.015625,-0.0078125,-0.03125,0.015625,-0.015625
0.015625,-0.0078125,-0.0078125,-0.015625,0.015625,-0.015625,-0.015625,-0.0078125,0.0078125
0.0,-0.023438,-0.023438,0.015625,0.0,0.0,-0.023438,-0.0078125,-0.015625
-0.023438,-0.015625,0.0078125,-0.015625,0.0,-0.023438,0.0078125,0.0,-0.015625
-0.023438,0.0078125,-0.023438,-0.0078125,-0.015625,0.0,-0.0078125,-0.023438,-0.0078125
-0.0078125,0.0,-0.0078125,-0.015625,0.0,-0.0078125,-0.03125,-0.03125,-0.0078125
-0.03125,0.0,-0.0078125,0.015625,-0.023438,-0.015625,-0.015625,0.015625,-0.023438
-0.023438,-0.015625,0.0,-0.0078125,-0.0078125,-0.0078125,-0.015625,-0.015625,-0.0078125
-0.0078125,-0.0078125,0.0,-0.0078125,-0.015625,-0.015625,-0.0078125,0.0,-0.0078125
0.0,-0.015625,-0.015625,-0.015625,-0.015625,-0.015625,-0.0078125,0.0078125,0.0
-0.023438,-0.015625,0.0,-0.0078125,0.0,-0.0078125,-0.015625,-0.0078125,-0.015625
-0.0078125,-0.015625,-0.0078125,-0.023438,-0.015625,0.0,-0.0078125,-0.0078125,-0.0078125
-0.0078125,-0.015625,-0.015625,-0.0078125,-0.015625,-0.015625,-0.015625,-0.023438,0.0
-0.0078125,-0.023438,0.0,-0.023438,-0.015625,-0.0078125,0.0,-0.0078125,0.015625
-0.0078125,0.0078125,-0.015625,-0.03125,-0.0078125,0.0,-0.0078125,-0.015625,0.0
0.0078125,-0.015625,-0.015625,0.0,-0.03125,-0.0078125,0.015625,0.0,-0.015625
0.0078125,0.0,-0.023438,-0.0078125,-0.03125,-0.015625,-0.015625,-0.023438,-0.0078125
-0.023438,-0.0078125,-0.0078125,-0.023438,-0.015625,-0.023438,0.015625,0.0078125,-0.023438
-0.0078125,-0.015625,-0.0078125,-0.0078125,-0.015625,-0.015625,-0.015625,-0.0078125,-0.03125
-0.015625,-0.015625,-0.023438,0.0,-0.0078125,-0.0078125,-0.015625,-0.0078125,-0.023438
0.0078125,-0.015625,-0.015625,0.0,0.0,-0.023438,0.0078125,-0.015625,-0.015625
-0.023438,-0.023438,0.0078125,-0.023438,-0.015625,-0.0078125,-0.0078125,0.0,-0.023438
-0.015625,0.015625,-0.0078125,-0.015625,-0.0078125,-0.0078125,-0.023438,-0.0078125,-0.0078125
-0.023438,-0.0078125,-0.015625,0.015625,-0.0078125,-0.0078125,-0.015625,-0.015625,-0.0078125
-0.0078125,-0.015625,0.0,-0.023438,0.015625,-0.0078125,-0.015625,-0.023438,-0.023438
-0.0078125,-0.015625,-0.015625,-0.015625,-0.0078125,0.0078125,-0.023438,0.0,-0.015625
-0.0078125,-0.015625,0.0078125,-0.0078125,0.0078125,-0.015625,-0.0078125,-0.023438,-0.015625
-0.015625,-0.015625,0.0,0.0078125,0.0,-0.03125,0.0,-0.015625,0.0
-0.0078125,0.015625,-0.03125,-0.0078125,0.015625,-0.015625,-0.015625,0.0,0.0
-0.0078125,-0.03125,-0.015625,-0.015625,-0.0078125,0.0078125,-0.023438,-0.039063,-0.015625
-0.015625,0.0,-0.03125,0.0,0.0,-0.03125,0.0078125,-0.015625,-0.015625
-0.023438,-0.015625,0.023438,-0.015625,-0.0078125,-0.046875,0.0078125,0.0,0.0078125
0.0078125,-0.039063,0.023438,0.0078125,-0.0078125,-0.015625,-0.0078125,-0.0078125,-0.015625
-0.0078125,0.0,-0.0078125,-0.023438,-0.0078125,0.0,-0.0078125,-0.023438,0.0
-0.015625,-0.023438,-0.015625,0.0,-0.015625,0.0,-0.023438,-0.0078125,-0.015625
-0.0078125,-0.015625,0.0,-0.0078125,-0.015625,-0.015625,0.0078125,0.0078125,0.0
-0.0078125,-0.015625,-0.0078125,-0.0078125,-0.0078125,-0.0078125,-0.023438,-0.0078125,-0.015625
-0.03125,0.0078125,0.0,-0.03125,0.0,-0.0078125,-0.0078125,-0.015625,0.0078125
0.0,-0.0078125,0.0078125,-0.0078125,0.0,-0.023438,0.0,-0.039063,-0.0078125
0.0078125,-0.015625,-0.015625,-0.015625,-0.015625,-0.023438,0.0,-0.015625,-0.0078125
0.0,-0.015625,0.0,-0.0078125,-0.039063,-0.0078125,0.0078125,-0.015625,0.0078125
-0.0078125,-0.023438,-0.023438,-0.0078125,-0.0078125,0.0078125,-0.015625,-0.023438,-0.0078125
-0.015625,-0.015625,0.0078125,-0.023438,0.0,-0.023438,-0.0078125,0.0078125,0.0
-0.015625,0.0,-0.015625,-0.023438,-0.023438,-0.0078125,-0.0078125,-0.0078125,-0.015625
-0.023438,0.0,-0.03125,-0.03125,0.0078125,-0.023438,-0.023438,-0.0078125,-0.023438
-0.015625,-0.03125,-0.023438,-0.015625,-0.023438,0.0078125,-0.0078125,0.0,-0.023438
-0.015625,-0.0078125,-0.015625,-0.023438,-0.015625,0.015625,-0.023438,0.0,-0.03125
-0.015625,0.0,-0.015625,-0.0078125,-0.015625,-0.015625,-0.023438,-0.0078125,0.0
0.0,-0.015625,0.0,0.0078125,0.0,-0.023438,0.0,-0.015625,-0.015625
-0.0078125,-0.023438,-0.0078125,-0.015625,-0.0078125,0.0078125,-0.015625,-0.0078125,-0.015625
0.0,-0.0078125,-0.03125,-0.023438,-0.015625,0.0,-0.023438,-0.0078125,0.0
-0.015625,0.0,0.0,-0.023438,0.0,0.0078125,-0.0078125,-0.015625,-0.0078125
-0.0078125,-0.015625,0.0,-0.0078125,-0.03125,0.0078125,-0.023438,-0.0078125,-0.0078125
0.0078125,-0.03125,-0.023438,-0.015625,0.0078125,-0.0078125,-0.015625,-0.0078125,-0.0078125
-0.023438,0.0,0.0,-0.015625,-0.0078125,-0.023438,0.0078125,-0.0078125,-0.0078125
-0.015625,-0.0078125,0.0,-0.015625,-0.0078125,-0.0078125,-0.0078125,-0.015625,-0.0078125
-0.0078125,-0.0078125,-0.015625,-0.023438,-0.023438,0.015625,-0.015625,-0.015625,-0.023438
0.0078125,-0.015625,-0.0078125,-0.0078125,-0.0078125,-0.0078125,-0.0078125,-0.0078125,-0.015625
-0.023438,-0.0078125,-0.023438,0.0,-0.0078125,-0.015625,0.0078125,-0.0078125,-0.0078125
-0.0078125,-0.0078125,0.0,-0.0078125,-0.0078125,-0.015625,0.0,-0.023438,-0.015625
-0.0078125,-0.0078125,0.0078125,-0.0078125,0.0078125,-0.0078125,0.0,-0.0078125,-0.015625
-0.0078125,-0.015625,0.0,-0.0078125,-0.023438,-0.046875,0.0,-0.0078125,0.0
-0.03125,-0.015625,-0.0078125,-0.015625,0.0,-0.03125,-0.015625,0.0,0.0
0.0,-0.0078125,-0.046875,-0.015625,0.0,-0.0078125,-0.023438,0.0,-0.0078125
-0.0078125,-0.015625,0.0078125,-0.023438,-0.0078125,-0.015625,-0.0078125,-0.0078125,0.0
0.0,0.0078125,-0.0078125,0.0,-0.023438,-0.0078125,-0.015625,0.0,-0.03125
0.0078125,-0.015625,-0.015625,-0.015625,-0.0078125,-0.0078125,-0.023438,-0.0078125,-0.0078125
0.0,0.0,-0.023438,-0.03125,0.0,0.0,-0.0078125,0.0,0.0
0.0,-0.0078125,0.0,0.0,-0.023438,0.0,-0.03125,-0.0078125,0.0
-0.015625,0.0078125,-0.0078125,-0.015625,0.0078125,-0.015625,-0.0078125,0.0,-0.03125
0.0,-0.015625,-0.015625,-0.015625,-0.0078125,-0.0078125,-0.023438,-0.0078125,-0.0078125
-0.015625,-0.015625,-0.0078125,-0.015625,-0.015625,-0.015625,-0.023438,0.0078125,-0.015625
-0.015625,-0.0078125,-0.0078125,-0.0078125,-0.0078125,-0.023438,-0.015625,0.0,-0.023438
0.0078125,-0.015625,0.0,-0.015625,-0.015625,0.0,-0.0078125,0.0078125,0.0
-0.015625,0.0078125,0.0,-0.0078125,-0.0078125,-0.015625,-0.023438,0.0,-0.0078125
-0.015625,0.0078125,-0.03125,-0.015625,-0.015625,-0.0078125,-0.0078125,0.015625,-0.023438
-0.015625,-0.023438,0.015625,-0.0078125,-0.015625,0.0,-0.015625,-0.03125,0.0
-0.015625,-0.0078125,0.0,-0.0078125,0.0,-0.023438,-0.0078125,-0.015625,-0.0078125
-0.015625,-0.03125,0.0,0.0,-0.0078125,-0.015625,-0.0078125,-0.023438,0.0
-0.023438,0.0,-0.0078125,-0.015625,-0.015625,-0.0078125,-0.023438,0.0078125,0.0078125
-0.015625,-0.0078125,0.0078125,0.0,-0.015625,-0.03125,0.015625,-0.0078125,0.0078125
-0.0078125,0.0,-0.015625,-0.0078125,-0.0078125,-0.0078125,0.0,-0.015625,0.0078125
-0.015625,-0.015625,0.0,0.0078125,-0.0078125,-0.023438,-0.023438,-0.0078125,-0.0078125
0.0078125,-0.0078125,-0.023438,-0.015625,-0.0078125,-0.015625,-0.0078125,0.0,-0.015625
-0.0078125,-0.023438,-0.015625,-0.023438,-0.015625,0.0,0.0,0.0,0.0078125
0.0,-0.015625,-0.0078125,-0.015625,-0.03125,-0.0078125,-0.0078125,-0.015625,0.0
0.015625,-0.015625,-0.015625,-0.0078125,-0.023438,-0.0078125,0.015625,0.0,-0.015625
-0.0078125,0.0078125,-0.0078125,0.0,-0.0078125,-0.0078125,-0.03125,-0.0078125,0.0
-0.0078125,0.0078125,0.0,-0.015625,-0.0078125,0.0,0.015625,0.0,0.0
0.0,-0.015625,-0.015625,-0.015625,-0.0078125,0.0,-0.0078125,-0.0078125,-0.015625
0.0,-0.023438,-0.0078125,0.0,0.0,0.0,-0.015625,-0.015625,-0.015625
0.0078125,-0.0078125,0.0,-0.015625,-0.0078125,0.0078125,0.0078125,-0.0078125,-0.0078125
-0.015625,-0.015625,0.0,0.0078125,-0.0078125,-0.023438,-0.0078125,-0.023438,-0.023438
0.0078125,-0.015625,-0.015625,-0.03125,0.0,0.0078125,-0.0078125,0.023438,-0.023438
-0.0078125,-0.015625,-0.0078125,-0.0078125,0.023438,-0.03125,-0.023438,-0.0078125,-0.023438
-0.0078125,-0.015625,0.0,-0.0078125,0.0078125,0.0,-0.015625,-0.0078125,0.0
-0.0078125,0.015625,-0.03125,-0.015625,-0.015625,-0.015625,0.0,-0.0078125,0.0
-0.039063,-0.0078125,-0.0078125,-0.0078125,0.0078125,-0.023438,-0.03125,-0.0078125,-0.0078125
-0.039063,-0.03125,0.0,0.0,-0.0078125,-0.0078125,-0.015625,0.0,-0.0078125
-0.0078125,-0.0078125,-0.03125,0.0078125,0.0078125,-0.023438,-0.015625,-0.015625,-0.0078125
-0.0078125,-0.023438,-0.0078125,0.0078125,-0.0078125,-0.0078125,-0.023438,-0.0078125,0.0078125
-0.03125,0.015625,-0.015625,-0.015625,-0.0078125,-0.03125,-0.0078125,0.0078125,0.0
-0.0078125,-0.015625,0.0078125,-0.046875,0.0078125,0.015625,-0.0078125,0.03125,-0.0078125
0.0078125,-0.03125,0.015625,-0.0078125,0.0078125,-0.015625,0.0,-0.03125,-0.039063
-0.023438,-0.03125,-0.023438,0.023438,0.0,-0.03125,-0.015625,-0.023438,-0.0078125
-0.015625,-0.03125,-0.0078125,-0.0078125,-0.023438,0.0,-0.0078125,-0.0078125,-0.015625
-0.046875,0.0078125,0.015625,0.0,-0.039063,-0.015625,0.0,-0.054688,0.0
-0.0078125,0.0,0.0,0.0,-0.03125,-0.039063,0.0,-0.03125,-0.023438
0.0,0.0,0.03125,-0.070313,0.0,-0.03125,-0.0078125,0.0078125,-0.015625
-0.0078125,-0.023438,0.023438,0.0078125,-0.015625,0.0078125,0.0078125,-0.085938,-0.015625
-0.015625,-0.015625,0.0078125,-0.015625,-0.015625,-0.023438,0.0,-0.023438,-0.0078125
-0.0078125,0.0,-0.015625,-0.03125,0.0,-0.0078125,-0.015625,0.0078125,-0.046875
-0.015625,0.0,0.0,-0.015625,-0.015625,-0.023438,-0.015625,-0.015625,-0.015625
-0.039063,-0.0078125,0.015625,-0.0078125,-0.054688,-0.015625,0.0,-0.015625,-0.015625
-0.023438,-0.015625,0.0,-0.015625,-0.0078125,-0.015625,-0.023438,-0.015625,-0.039063
0.0078125,-0.015625,-0.0078125,-0.0078125,-0.0078125,-0.015625,0.0,-0.023438,-0.015625
-0.023438,-0.023438,-0.0078125,-0.015625,0.0,-0.0078125,-0.015625,-0.03125,0.0078125
-0.023438,-0.023438,0.0078125,-0.015625,0.0078125,-0.0078125,-0.015625,0.0,-0.0078125
-0.023438,0.0078125,-0.0078125,0.0,-0.03125,0.0,-0.03125,-0.0078125,-0.015625
-0.023438,-0.0078125,0.0,-0.015625,0.0078125,-0.015625,-0.0078125,0.0,-0.0078125
-0.0078125,-0.023438,-0.015625,-0.0078125,-0.015625,-0.0078125,0.0078125,-0.015625,-0.0078125
-0.015625,-0.023438,0.0,0.0078125,-0.0078125,-0.0078125,-0.015625,-0.023438,-0.015625
-0.015625,-0.0078125,-0.03125,0.0,-0.0078125,0.0,-0.015625,0.0,-0.015625
-0.039063,0.0078125,-0.023438,-0.015625,-0.0078125,-0.0078125,-0.0078125,-0.015625,0.023438
-0.0078125,0.0,-0.023438,-0.03125,-0.0078125,-0.0078125,-0.023438,-0.023438,0.0
-0.015625,-0.015625,-0.015625,-0.0078125,-0.0078125,-0.015625,-0.015625,0.0,-0.015625
-0.015625,-0.015625,-0.015625,-0.023438,0.0,0.0,-0.015625,-0.0078125,-0.015625
0.0,-0.015625,-0.015625,-0.0078125,-0.023438,0.03125,-0.039063,0.0,-0.039063
-0.023438,0.0,-0.0078125,-0.0078125,-0.0078125,-0.015625,0.0,-0.0078125,-0.015625
0.0,-0.015625,0.0078125,-0.0078125,-0.015625,-0.0078125,-0.015625,-0.0078125,0.0
-0.0078125,0.0078125,-0.023438,-0.03125,-0.015625,-0.015625,-0.0078125,0.0,0.0
-0.023438,-0.0625,0.023438,0.046875,-0.0078125,0.039063,-0.054688,-0.015625,-0.046875
-0.015625,0.0,-0.015625,-0.0078125,0.0,0.0,-0.023438,0.015625,0.0
-0.015625,-0.015625,0.015625,-0.015625,-0.023438,-0.015625,0.0078125,-0.015625,0.0
-0.039063,0.0078125,0.0,-0.015625,0.0,-0.023438,-0.0078125,0.0,-0.0078125
-0.023438,-0.015625,-0.0078125,-0.0078125,0.0078125,-0.0078125,-0.023438,-0.03125,0.0
0.03125,-0.023438,-0.0078125,0.0078125,-0.015625,-0.03125,0.0078125,-0.0078125,-0.023438
0.0,-0.015625,-0.0078125,-0.03125,0.023438,-0.0078125,-0.03125,0.0,0.0
0.0078125,-0.015625,-0.023438,0.0,-0.03125,0.015625,-0.023438,-0.0078125,0.0078125
-0.0078125,-0.039063,0.0,-0.015625,-0.015625,-0.015625,0.0078125,-0.0078125,-0.023438
-0.0078125,0.0,-0.023438,-0.03125,0.0,-0.015625,-0.03125,-0.0078125,-0.015625
0.0,-0.015625,-0.0078125,-0.023438,-0.015625,-0.015625,-0.023438,0.0078125,-0.0078125
-0.015625,-0.054688,0.015625,-0.0078125,-0.015625,-0.023438,0.0078125,-0.0078125,0.0
-0.0078125,-0.0078125,-0.023438,0.03125,-0.023438,-0.0078125,-0.0078125,-0.03125,-0.0078125
-0.015625,-0.03125,-0.0078125,-0.0078125,0.0,-0.015625,-0.0078125,-0.0078125,-0.023438
-0.0078125,0.015625,-0.039063,0.0078125,0.0078125,-0.0078125,-0.03125,-0.03125,0.039063
0.0,-0.023438,-0.03125,-0.023438,0.023438,-0.039063,-0.023438,-0.0078125,0.0
-0.015625,-0.015625,-0.0078125,0.0078125,-0.015625,0.0078125,-0.023438,-0.015625,-0.015625
0.0,-0.0078125,-0.03125,-0.015625,-0.023438,0.0078125,0.0078125,0.0,-0.015625
-0.023438,0.0078125,-0.015625,-0.0078125,-0.023438,-0.015625,-0.015625,-0.0078125,-0.015625
0.015625,-0.015625,0.0,-0.03125,-0.023438,-0.0078125,0.0,-0.023438,-0.015625
-0.0078125,-0.023438,-0.03125,-0.023438,0.0,-0.023438,-0.023438,-0.015625,-0.0078125
-0.015625,0.0,0.0,-0.0078125,0.015625,-0.0078125,-0.015625,-0.0078125,-0.015625
-0.0078125,-0.0078125,-0.023438,-0.015625,-0.023438,-0.015625,0.0078125,0.0078125,-0.015625
0.0078125,-0.023438,0.0078125,-0.023438,0.0,0.0,-0.023438,-0.015625,-0.0078125
-0.015625,-0.015625,0.0,-0.0078125,0.0,-0.0078125,-0.015625,0.0,0.0
-0.0078125,-0.023438,-0.015625,-0.0078125,0.0,0.0,-0.0078125,-0.0078125,-0.0078125
0.0,0.0078125,-0.0078125,-0.023438,-0.0078125,-0.0078125,-0.0078125,0.0,-0.0078125
0.0,0.0,0.0,-0.015625,-0.0078125,-0.015625,-0.0078125,-0.023438,0.0
0.0,0.015625,-0.015625,-0.0078125,-0.015625,-0.0078125,-0.015625,-0.015625,-0.015625
-0.015625,-0.0078125,-0.0078125,-0.023438,-0.015625,-0.015625,-0.0078125,-0.015625,-0.0078125
-0.015625,-0.0078125,0.0,-0.0078125,0.0,-0.0078125,-0.023438,-0.015625,-0.0078125
-0.0078125,-0.0078125,-0.0078125,-0.015625,-0.015625,-0.015625,0.0,0.0,-0.0078125
0.0,0.0,-0.015625,-0.0078125,-0.015625,-0.015625,-0.0078125,-0.015625,-0.015625
0.0,-0.03125,-0.0078125,-0.0078125,-0.023438,0.0,0.0,0.0,0.0078125
0.0,0.0,0.0078125,-0.0078125,0.0,-0.015625,-0.015625,-0.015625,-0.015625
0.0,-0.023438,-0.0078125,-0.0078125,-0.015625,0.0,0.0,0.0,-0.015625
-0.015625,0.0,-0.015625,-0.015625,0.0,-0.015625,0.015625,-0.0078125,-0.03125
-0.015625,0.0,0.0,0.0,-0.015625,0.0,0.0,-0.023438,-0.015625
-0.0078125,-0.0078125,0.0,-0.015625,-0.015625,-0.0078125,-0.03125,0.0078125,-0.0078125
-0.015625,0.015625,-0.0078125,-0.0078125,-0.0078125,0.0,0.0,0.0,-0.0078125
-0.023438,-0.015625,0.0,-0.0078125,-0.0078125,-0.015625,-0.0078125,-0.0078125,-0.0078125
0.0,-0.0078125,-0.015625,-0.015625,-0.015625,0.0,-0.015625,-0.015625,-0.0078125
-0.0078125,-0.015625,-0.0078125,-0.015625,0.0,-0.015625,-0.0078125,-0.0078125,0.0
0.0,0.0,-0.023438,-0.023438,-0.0078125,-0.015625,-0.015625,0.0,-0.03125
-0.039063,-0.023438,-0.0078125,-0.015625,0.0,-0.015625,-0.03125,0.0,-0.023438
-0.023438,-0.015625,-0.0078125,-0.023438,-0.03125,0.03125,0.0,-0.0078125,-0.023438
0.0,-0.039063,-0.015625,0.023438,0.023438,-0.03125,-0.03125,-0.023438,0.0078125
0.0,-0.0078125,-0.0078125,-0.015625,0.0,0.0,-0.015625,-0.03125,0.0
-0.015625,-0.015625,-0.015625,-0.0078125,-0.023438,0.0078125,-0.015625,-0.0078125,0.015625
0.0,0.023438,0.015625,-0.039063,0.0078125,-0.0078125,-0.046875,0.0078125,-0.023438
-0.0078125,-0.03125,-0.023438,-0.0078125,0.0078125,0.0078125,0.0,-0.0078125,-0.023438
-0.046875,-0.015625,-0.023438,0.023438,-0.0078125,-0.023438,-0.023438,0.0078125,-0.0078125
0.0078125,-0.015625,-0.023438,-0.0078125,-0.015625,-0.015625,-0.015625,-0.03125,0.0
-0.0078125,-0.023438,0.0,0.0,0.0,0.0078125,-0.0078125,-0.03125,-0.03125
-0.015625,0.0,-0.10156,0.1875,-0.039063,-0.046875,0.015625,-0.078125,-0.0625
-0.0078125,-0.0078125,-0.0078125,-0.03125,-0.015625,0.0078125,0.0,0.0,-0.015625
-0.0078125,0.0078125,-0.039063,-0.023438,0.0078125,0.0078125,-0.0078125,-0.023438,-0.03125
-0.03125,-0.015625,-0.015625,0.0078125,0.0,0.0078125,-0.023438,-0.03125,-0.023438
-0.023438,0.0,-0.015625,-0.015625,0.0,-0.023438,0.0078125,0.0,-0.0078125
-0.015625,0.0,0.0,-0.015625,-0.015625,-0.015625,-0.015625,0.0,-0.015625
-0.039063,-0.03125,0.0,-0.0078125,-0.015625,-0.015625,-0.03125,0.0,-0.0078125
-0.0078125,-0.03125,-0.0078125,-0.0078125,-0.0078125,0.015625,-0.023438,-0.03125,-0.015625
-0.015625,-0.015625,-0.0078125,-0.0078125,0.0078125,-0.03125,-0.0078125,-0.0078125,0.0078125
-0.0078125,0.0,-0.023438,0.0078125,0.0078125,-0.0078125,-0.0078125,-0.015625,-0.015625
-0.015625,0.0,-0.023438,-0.023438,0.0,-0.015625,-0.0078125,-0.015625,0.0
-0.023438,-0.0078125,-0.0078125,-0.015625,0.0,0.0,-0.0078125,0.0078125,-0.015625
-0.0078125,-0.0078125,-0.0078125,-0.0078125,-0.015625,-0.0078125,-0.015625,-0.015625,-0.023438
-0.0078125,-0.023438,-0.015625,0.0078125,0.0,-0.023438,-0.023438,-0.0078125,0.015625
-0.023438,0.0,0.0,-0.015625,-0.023438,-0.015625,0.0078125,-0.0078125,-0.015625
-0.0078125,-0.054688,-0.0078125,-0.015625,-0.023438,0.015625,-0.023438,0.0,-0.0078125
-0.015625,0.0078125,0.0,0.0078125,0.0,-0.023438,-0.023438,0.015625,-0.015625
0.0,-0.0078125,-0.023438,-0.015625,-0.0078125,-0.023438,-0.0078125,-0.015625,0.0078125
-0.0078125,-0.0078125,0.015625,-0.0078125,0.0,0.0078125,-0.023438,-0.03125,-0.015625
-0.023438,0.0078125,0.0,-0.015625,0.0,-0.0078125,-0.0078125,0.0,-0.023438
-0.0078125,0.0,-0.0078125,-0.0078125,0.0,-0.03125,0.015625,-0.0078125,-0.0078125
0.0,-0.023438,0.0,0.0078125,0.0,0.0,-0.03125,-0.0078125,-0.0078125
-0.023438,-0.015625,0.0,0.0,-0.0078125,-0.023438,0.0,0.0,-0.023438
-0.0078125,-0.023438,-0.0078125,0.0,-0.0078125,-0.0078125,-0.015625,-0.0078125,0.0
0.0,0.0,-0.023438,-0.0078125,-0.03125,0.0,-0.0078125,-0.0078125,-0.03125
-0.015625,-0.015625,0.0,-0.0078125,-0.0078125,-0.023438,-0.015625,-0.023438,0.0
-0.023438,-0.0078125,-0.015625,-0.0078125,-0.015625,-0.015625,-0.0078125,-0.0078125,-0.0625
0.0,-0.0078125,-0.023438,-0.0078125,0.0,-0.0078125,0.0,-0.0078125,-0.0078125
-0.015625,0.0,-0.0078125,-0.0078125,-0.0078125,-0.0078125,-0.015625,-0.015625,-0.023438
-0.015625,0.0,-0.0078125,-0.023438,-0.0078125,-0.015625,-0.015625,-0.0078125,-0.0078125
-0.0078125,-0.023438,-0.0078125,-0.0078125,-0.015625,0.0,0.0,0.0078125,0.0078125
-0.0078125,-0.015625,0.0078125,-0.015625,-0.015625,-0.015625,-0.0078125,-0.0078125,0.0
-0.0078125,-0.015625,-0.0078125,-0.0078125,-0.0078125,0.0,-0.015625,0.0,-0.0078125
0.0,-0.0078125,0.0,-0.0078125,0.0,-0.0078125,-0.015625,-0.015625,-0.015625
-0.015625,0.039063,-0.039063,-0.046875,-0.015625,-0.0078125,0.015625,-0.015625,0.0078125
-0.023438,-0.023438,-0.0078125,0.023438,-0.0078125,0.015625,-0.015625,0.0,0.054688
-0.0078125,0.0,-0.023438,0.0,-0.015625,0.0078125,0.0,-0.0078125,-0.03125
0.0078125,-0.03125,0.0078125,-0.023438,0.039063,-0.03125,-0.0078125,-0.0078125,-0.023438
-0.0078125,0.023438,-0.015625,0.0078125,-0.039063,-0.023438,-0.03125,0.046875,-0.0078125
-0.0078125,-0.023438,-0.015625,0.0078125,-0.015625,0.0,-0.023438,0.015625,-0.023438
-0.0078125,-0.0078125,-0.03125,-0.023438,0.0,-0.0078125,-0.03125,-0.015625,0.0078125
-0.015625,-0.0078125,-0.0078125,-0.0078125,0.0,-0.023438,-0.0078125,-0.023438,0.0
-0.0078125,0.0078125,-0.03125,0.0,-0.015625,0.015625,-0.039063,-0.015625,-0.039063
0.0,0.0078125,-0.023438,0.0,-0.015625,-0.015625,0.0,-0.03125,-0.015625
0.0,-0.03125,-0.015625,0.0,-0.023438,0.0,-0.0078125,-0.039063,-0.023438
-0.015625,-0.015625,0.0,-0.015625,-0.023438,-0.0078125,0.0,-0.015625,-0.015625
-0.023438,-0.015625,-0.015625,-0.0078125,0.0,-0.0078125,-0.015625,0.0,-0.0078125
0.0078125,-0.03125,0.0,0.03125,-0.023438,-0.015625,0.0,0.0078125,0.0
-0.054688,0.0078125,-0.039063,0.015625,0.03125,-0.023438,0.015625,-0.015625,0.0
-0.015625,-0.03125,-0.023438,0.0,0.0,0.0078125,-0.023438,-0.015625,-0.046875
-0.039063,-0.0078125,-0.023438,0.0078125,0.0,0.0,-0.0078125,0.0,-0.023438
-0.023438,0.0,0.0078125,0.0,-0.0078125,-0.023438,-0.03125,0.0,-0.015625
0.0078125,-0.0078125,-0.0078125,-0.0078125,0.0078125,-0.03125,-0.046875,0.015625,-0.0078125
-0.0078125,-0.015625,-0.015625,-0.015625,-0.03125,-0.0078125,-0.0078125,-0.023438,0.0
-0.0078125,0.015625,-0.015625,-0.023438,0.0,0.023438,0.0,-0.03125,-0.015625
0.039063,-0.03125,-0.0078125,-0.03125,0.0078125,0.0078125,-0.03125,-0.039063,0.023438
-0.0078125,0.03125,-0.0078125,-0.039063,0.0078125,0.015625,-0.015625,-0.039063,-0.0078125
0.0,0.0,-0.039063,0.0,-0.015625,-0.03125,0.0078125,-0.0078125,-0.023438
-0.039063,0.0078125,-0.03125,0.03125,-0.039063,-0.0078125,-0.023438,0.03125,0.0
-0.03125,-0.023438,0.0,0.0078125,-0.03125,-0.023438,0.015625,-0.015625,-0.023438
-0.015625,-0.023438,0.0,0.023438,-0.046875,-0.039063,0.015625,0.0,-0.0078125
0.015625,-0.0078125,-0.046875,0.023438,0.0,-0.023438,-0.015625,0.0078125,0.0078125
-0.0078125,0.0078125,0.0,-0.085938,0.039063,-0.0078125,-0.046875,0.0078125,0.03125
-0.023438,-0.03125,-0.023438,0.015625,0.0,-0.039063,0.0,0.03125,-0.023438
-0.0078125,-0.023438,-0.015625,0.054688,-0.023438,-0.046875,-0.015625,0.0078125,0.023438
-0.015625,0.0,-0.015625,0.0,-0.03125,-0.023438,-0.0078125,-0.015625,-0.0078125
0.0,-0.0078125,-0.015625,0.0,0.0,-0.03125,-0.0078125,-0.0078125,-0.015625
-0.023438,0.0,-0.03125,-0.015625,0.0,0.0078125,-0.015625,-0.015625,-0.0078125
-0.0078125,-0.023438,-0.023438,0.0,-0.023438,-0.023438,-0.0078125,0.0,-0.0078125
0.0,-0.0078125,0.0078125,-0.0078125,-0.015625,0.0,-0.039063,-0.0078125,-0.0078125
-0.0078125,-0.0078125,-0.0078125,0.0078125,-0.015625,-0.023438,0.0078125,-0.0078125,-0.015625
0.0,-0.03125,-0.0078125,-0.0078125,-0.023438,-0.0078125,-0.015625,0.0,-0.023438
0.0,-0.023438,-0.0078125,-0.015625,-0.023438,-0.023438,-0.015625,-0.0078125,-0.015625
0.0078125,-0.0078125,-0.015625,-0.0078125,-0.015625,-0.015625,-0.015625,0.0,-0.0078125
0.0078125,-0.015625,-0.0078125,-0.0078125,-0.0078125,-0.015625,-0.015625,-0.023438,-0.015625
0.0,0.0,-0.0078125,-0.015625,-0.015625,-0.0078125,-0.0078125,-0.0078125,-0.0078125
-0.015625,-0.0078125,0.0,-0.0078125,-0.0078125,-0.03125,0.0,0.0,-0.015625
-0.0078125,-0.0078125,-0.015625,-0.0078125,-0.0078125,-0.015625,0.0,-0.0078125,-0.0078125
-0.015625,-0.015625,0.0,0.0,-0.015625,0.0,-0.023438,-0.015625,-0.015625
-0.015625,-0.015625,0.0,0.0,-0.015625,-0.015625,-0.015625,-0.015625,0.015625
0.0078125,0.0,-0.0078125,-0.015625,-0.0078125,-0.015625,0.0078125,0.0,-0.015625
-0.015625,0.0,-0.023438,-0.015625,-0.03125,0.0078125,0.0,-0.0078125,-0.015625
-0.015625,-0.0078125,-0.023438,-0.023438,-0.0078125,-0.03125,-0.0078125,-0.0078125,0.015625
-0.0078125,-0.015625,-0.015625,0.0,-0.015625,0.0,-0.015625,-0.023438,0.0078125
-0.015625,-0.0078125,0.0,-0.0078125,-0.015625,0.0,0.0,0.0,-0.015625
-0.023438,-0.0078125,0.0,-0.0078125,0.0,0.0,-0.015625,-0.0078125,-0.015625
